# Ag,Au,Cu,Pd,Pt,P_NO=1,P_NO=05,P_NO=01
1.00,0.00,0.00,0.00,0.00,0.0000,0.0000,0.0000
0.95,0.05,0.00,0.00,0.00,0.0000,0.0000,0.0000
0.95,0.00,0.05,0.00,0.00,0.0216,0.0309,0.0402
0.95,0.00,0.00,0.05,0.00,0.0117,0.0227,0.0343
0.95,0.00,0.00,0.00,0.05,0.0000,0.0000,0.0000
0.90,0.10,0.00,0.00,0.00,0.0000,0.0000,0.0000
0.90,0.05,0.05,0.00,0.00,0.0214,0.0294,0.0474
0.90,0.05,0.00,0.05,0.00,0.0128,0.0238,0.0333
0.90,0.05,0.00,0.00,0.05,0.0001,0.0000,0.0001
0.90,0.00,0.10,0.00,0.00,0.0425,0.0631,0.0860
0.90,0.00,0.05,0.05,0.00,0.0347,0.0575,0.0703
0.90,0.00,0.05,0.00,0.05,0.0123,0.0231,0.0322
0.90,0.00,0.00,0.10,0.00,0.0235,0.0386,0.0522
0.90,0.00,0.00,0.05,0.05,0.0106,0.0187,0.0273
0.90,0.00,0.00,0.00,0.10,0.0001,0.0001,0.0001
0.85,0.15,0.00,0.00,0.00,0.0000,0.0000,0.0000
0.85,0.10,0.05,0.00,0.00,0.0186,0.0304,0.0423
0.85,0.10,0.00,0.05,0.00,0.0139,0.0236,0.0339
0.85,0.10,0.00,0.00,0.05,0.0003,0.0001,0.0004
0.85,0.05,0.10,0.00,0.00,0.0431,0.0601,0.0788
0.85,0.05,0.00,0.10,0.00,0.0202,0.0372,0.0590
0.85,0.05,0.00,0.00,0.10,0.0004,0.0002,0.0014
0.85,0.00,0.15,0.00,0.00,0.0652,0.0935,0.1148
0.85,0.00,0.10,0.05,0.00,0.0605,0.0873,0.1093
0.85,0.00,0.10,0.00,0.05,0.0267,0.0499,0.0614
0.85,0.00,0.05,0.10,0.00,0.0510,0.0746,0.0960
0.85,0.00,0.05,0.00,0.10,0.0112,0.0173,0.0238
0.85,0.00,0.00,0.15,0.00,0.0270,0.0543,0.0708
0.85,0.00,0.00,0.10,0.05,0.0156,0.0283,0.0431
0.85,0.00,0.00,0.05,0.10,0.0080,0.0119,0.0205
0.85,0.00,0.00,0.00,0.15,0.0001,0.0008,0.0005
0.80,0.20,0.00,0.00,0.00,0.0000,0.0000,0.0000
0.80,0.15,0.05,0.00,0.00,0.0189,0.0309,0.0409
0.80,0.15,0.00,0.05,0.00,0.0154,0.0224,0.0373
0.80,0.15,0.00,0.00,0.05,0.0002,0.0006,0.0005
0.80,0.10,0.10,0.00,0.00,0.0383,0.0637,0.0854
0.80,0.10,0.00,0.10,0.00,0.0255,0.0381,0.0567
0.80,0.10,0.00,0.00,0.10,0.0011,0.0017,0.0019
0.80,0.05,0.15,0.00,0.00,0.0633,0.0960,0.1170
0.80,0.05,0.00,0.15,0.00,0.0288,0.0497,0.0693
0.80,0.05,0.00,0.00,0.15,0.0009,0.0015,0.0039
0.80,0.00,0.20,0.00,0.00,0.0955,0.1364,0.1496
0.80,0.00,0.15,0.05,0.00,0.0890,0.1181,0.1381
0.80,0.00,0.15,0.00,0.05,0.0491,0.0805,0.0862
0.80,0.00,0.10,0.10,0.00,0.0708,0.1047,0.1221
0.80,0.00,0.10,0.00,0.10,0.0264,0.0327,0.0496
0.80,0.00,0.05,0.15,0.00,0.0510,0.0812,0.1076
0.80,0.00,0.05,0.00,0.15,0.0075,0.0150,0.0221
0.80,0.00,0.00,0.20,0.00,0.0334,0.0558,0.0787
0.80,0.00,0.00,0.15,0.05,0.0200,0.0334,0.0467
0.80,0.00,0.00,0.10,0.10,0.0121,0.0220,0.0323
0.80,0.00,0.00,0.05,0.15,0.0044,0.0113,0.0147
0.80,0.00,0.00,0.00,0.20,0.0005,0.0017,0.0025
0.75,0.25,0.00,0.00,0.00,0.0000,0.0000,0.0000
0.75,0.20,0.05,0.00,0.00,0.0203,0.0303,0.0440
0.75,0.20,0.00,0.05,0.00,0.0133,0.0229,0.0362
0.75,0.20,0.00,0.00,0.05,0.0004,0.0010,0.0014
0.75,0.15,0.10,0.00,0.00,0.0386,0.0617,0.0832
0.75,0.15,0.00,0.10,0.00,0.0227,0.0403,0.0567
0.75,0.15,0.00,0.00,0.10,0.0019,0.0021,0.0025
0.75,0.10,0.15,0.00,0.00,0.0613,0.0897,0.1118
0.75,0.10,0.00,0.15,0.00,0.0293,0.0497,0.0670
0.75,0.10,0.00,0.00,0.15,0.0024,0.0038,0.0059
0.75,0.05,0.20,0.00,0.00,0.0875,0.1284,0.1480
0.75,0.05,0.00,0.20,0.00,0.0332,0.0543,0.0730
0.75,0.05,0.00,0.00,0.20,0.0029,0.0056,0.0079
0.75,0.00,0.25,0.00,0.00,0.1099,0.1586,0.1665
0.75,0.00,0.20,0.05,0.00,0.1010,0.1424,0.1555
0.75,0.00,0.20,0.00,0.05,0.0666,0.0983,0.1188
0.75,0.00,0.15,0.10,0.00,0.0973,0.1329,0.1518
0.75,0.00,0.15,0.00,0.10,0.0411,0.0541,0.0681
0.75,0.00,0.10,0.15,0.00,0.0809,0.1093,0.1329
0.75,0.00,0.10,0.00,0.15,0.0178,0.0262,0.0432
0.75,0.00,0.05,0.20,0.00,0.0489,0.0802,0.1103
0.75,0.00,0.05,0.00,0.20,0.0064,0.0116,0.0199
0.75,0.00,0.00,0.25,0.00,0.0306,0.0553,0.0768
0.75,0.00,0.00,0.20,0.05,0.0206,0.0346,0.0560
0.75,0.00,0.00,0.15,0.10,0.0142,0.0237,0.0396
0.75,0.00,0.00,0.10,0.15,0.0100,0.0162,0.0268
0.75,0.00,0.00,0.05,0.20,0.0062,0.0106,0.0162
0.75,0.00,0.00,0.00,0.25,0.0011,0.0048,0.0064
0.70,0.30,0.00,0.00,0.00,0.0000,0.0000,0.0000
0.70,0.25,0.05,0.00,0.00,0.0198,0.0310,0.0417
0.70,0.25,0.00,0.05,0.00,0.0133,0.0200,0.0353
0.70,0.25,0.00,0.00,0.05,0.0008,0.0019,0.0028
0.70,0.20,0.10,0.00,0.00,0.0378,0.0692,0.0812
0.70,0.20,0.00,0.10,0.00,0.0196,0.0392,0.0564
0.70,0.20,0.00,0.00,0.10,0.0019,0.0034,0.0042
0.70,0.15,0.15,0.00,0.00,0.0694,0.0970,0.1143
0.70,0.15,0.00,0.15,0.00,0.0292,0.0500,0.0746
0.70,0.15,0.00,0.00,0.15,0.0034,0.0056,0.0094
0.70,0.10,0.20,0.00,0.00,0.0886,0.1285,0.1417
0.70,0.10,0.00,0.20,0.00,0.0290,0.0488,0.0779
0.70,0.10,0.00,0.00,0.20,0.0044,0.0082,0.0114
0.70,0.05,0.25,0.00,0.00,0.1173,0.1539,0.1703
0.70,0.05,0.00,0.25,0.00,0.0288,0.0496,0.0753
0.70,0.05,0.00,0.00,0.25,0.0036,0.0084,0.0113
0.70,0.00,0.30,0.00,0.00,0.1402,0.1889,0.1775
0.70,0.00,0.25,0.05,0.00,0.1324,0.1699,0.1676
0.70,0.00,0.25,0.00,0.05,0.0875,0.1311,0.1320
0.70,0.00,0.20,0.10,0.00,0.1185,0.1535,0.1695
0.70,0.00,0.20,0.00,0.10,0.0507,0.0760,0.0873
0.70,0.00,0.15,0.15,0.00,0.0899,0.1305,0.1461
0.70,0.00,0.15,0.00,0.15,0.0271,0.0397,0.0582
0.70,0.00,0.10,0.20,0.00,0.0644,0.1046,0.1287
0.70,0.00,0.10,0.00,0.20,0.0140,0.0243,0.0328
0.70,0.00,0.05,0.25,0.00,0.0505,0.0823,0.0967
0.70,0.00,0.05,0.00,0.25,0.0064,0.0115,0.0168
0.70,0.00,0.00,0.30,0.00,0.0262,0.0471,0.0729
0.70,0.00,0.00,0.25,0.05,0.0211,0.0383,0.0544
0.70,0.00,0.00,0.20,0.10,0.0151,0.0245,0.0407
0.70,0.00,0.00,0.15,0.15,0.0135,0.0180,0.0317
0.70,0.00,0.00,0.10,0.20,0.0083,0.0175,0.0233
0.70,0.00,0.00,0.05,0.25,0.0058,0.0122,0.0163
0.70,0.00,0.00,0.00,0.30,0.0025,0.0068,0.0112
0.65,0.35,0.00,0.00,0.00,0.0000,0.0000,0.0000
0.65,0.30,0.05,0.00,0.00,0.0201,0.0280,0.0395
0.65,0.30,0.00,0.05,0.00,0.0150,0.0261,0.0369
0.65,0.30,0.00,0.00,0.05,0.0018,0.0019,0.0046
0.65,0.25,0.10,0.00,0.00,0.0452,0.0670,0.0749
0.65,0.25,0.00,0.10,0.00,0.0241,0.0360,0.0582
0.65,0.25,0.00,0.00,0.10,0.0028,0.0053,0.0082
0.65,0.20,0.15,0.00,0.00,0.0602,0.0959,0.1071
0.65,0.20,0.00,0.15,0.00,0.0298,0.0499,0.0733
0.65,0.20,0.00,0.00,0.15,0.0044,0.0081,0.0100
0.65,0.15,0.20,0.00,0.00,0.0945,0.1262,0.1284
0.65,0.15,0.00,0.20,0.00,0.0283,0.0526,0.0763
0.65,0.15,0.00,0.00,0.20,0.0050,0.0107,0.0137
0.65,0.10,0.25,0.00,0.00,0.1150,0.1605,0.1590
0.65,0.10,0.00,0.25,0.00,0.0327,0.0535,0.0722
0.65,0.10,0.00,0.00,0.25,0.0064,0.0115,0.0190
0.65,0.05,0.30,0.00,0.00,0.1473,0.1833,0.1730
0.65,0.05,0.00,0.30,0.00,0.0255,0.0470,0.0664
0.65,0.05,0.00,0.00,0.30,0.0045,0.0126,0.0168
0.65,0.00,0.35,0.00,0.00,0.1737,0.2156,0.1876
0.65,0.00,0.30,0.05,0.00,0.1485,0.1958,0.1924
0.65,0.00,0.30,0.00,0.05,0.1099,0.1496,0.1453
0.65,0.00,0.25,0.10,0.00,0.1233,0.1815,0.1821
0.65,0.00,0.25,0.00,0.10,0.0678,0.0965,0.1042
0.65,0.00,0.20,0.15,0.00,0.1126,0.1548,0.1679
0.65,0.00,0.20,0.00,0.15,0.0375,0.0620,0.0701
0.65,0.00,0.15,0.20,0.00,0.0963,0.1284,0.1562
0.65,0.00,0.15,0.00,0.20,0.0228,0.0329,0.0502
0.65,0.00,0.10,0.25,0.00,0.0702,0.0950,0.1261
0.65,0.00,0.10,0.00,0.25,0.0160,0.0208,0.0343
0.65,0.00,0.05,0.30,0.00,0.0459,0.0678,0.0908
0.65,0.00,0.05,0.00,0.30,0.0085,0.0143,0.0200
0.65,0.00,0.00,0.35,0.00,0.0231,0.0439,0.0667
0.65,0.00,0.00,0.30,0.05,0.0213,0.0286,0.0478
0.65,0.00,0.00,0.25,0.10,0.0165,0.0250,0.0436
0.65,0.00,0.00,0.20,0.15,0.0120,0.0210,0.0316
0.65,0.00,0.00,0.15,0.20,0.0111,0.0173,0.0267
0.65,0.00,0.00,0.10,0.25,0.0086,0.0161,0.0239
0.65,0.00,0.00,0.05,0.30,0.0063,0.0121,0.0189
0.65,0.00,0.00,0.00,0.35,0.0046,0.0090,0.0113
0.60,0.40,0.00,0.00,0.00,0.0000,0.0000,0.0000
0.60,0.35,0.05,0.00,0.00,0.0198,0.0292,0.0333
0.60,0.35,0.00,0.05,0.00,0.0127,0.0213,0.0348
0.60,0.35,0.00,0.00,0.05,0.0022,0.0040,0.0066
0.60,0.30,0.10,0.00,0.00,0.0393,0.0581,0.0665
0.60,0.30,0.00,0.10,0.00,0.0226,0.0419,0.0595
0.60,0.30,0.00,0.00,0.10,0.0033,0.0061,0.0109
0.60,0.25,0.15,0.00,0.00,0.0655,0.0889,0.1039
0.60,0.25,0.00,0.15,0.00,0.0334,0.0491,0.0684
0.60,0.25,0.00,0.00,0.15,0.0049,0.0103,0.0171
0.60,0.20,0.20,0.00,0.00,0.0932,0.1282,0.1274
0.60,0.20,0.00,0.20,0.00,0.0294,0.0508,0.0783
0.60,0.20,0.00,0.00,0.20,0.0071,0.0125,0.0211
0.60,0.15,0.25,0.00,0.00,0.1148,0.1641,0.1443
0.60,0.15,0.00,0.25,0.00,0.0285,0.0527,0.0762
0.60,0.15,0.00,0.00,0.25,0.0080,0.0168,0.0233
0.60,0.10,0.30,0.00,0.00,0.1464,0.1845,0.1644
0.60,0.10,0.00,0.30,0.00,0.0326,0.0421,0.0746
0.60,0.10,0.00,0.00,0.30,0.0078,0.0139,0.0236
0.60,0.05,0.35,0.00,0.00,0.1516,0.2079,0.1723
0.60,0.05,0.00,0.35,0.00,0.0222,0.0416,0.0646
0.60,0.05,0.00,0.00,0.35,0.0074,0.0133,0.0202
0.60,0.00,0.40,0.00,0.00,0.1908,0.2266,0.1905
0.60,0.00,0.35,0.05,0.00,0.1630,0.2176,0.1815
0.60,0.00,0.35,0.00,0.05,0.1272,0.1575,0.1479
0.60,0.00,0.30,0.10,0.00,0.1381,0.1982,0.1804
0.60,0.00,0.30,0.00,0.10,0.0823,0.1156,0.1110
0.60,0.00,0.25,0.15,0.00,0.1258,0.1780,0.1727
0.60,0.00,0.25,0.00,0.15,0.0510,0.0736,0.0824
0.60,0.00,0.20,0.20,0.00,0.1038,0.1455,0.1606
0.60,0.00,0.20,0.00,0.20,0.0302,0.0488,0.0598
0.60,0.00,0.15,0.25,0.00,0.0830,0.1206,0.1416
0.60,0.00,0.15,0.00,0.25,0.0194,0.0311,0.0450
0.60,0.00,0.10,0.30,0.00,0.0611,0.0927,0.1167
0.60,0.00,0.10,0.00,0.30,0.0111,0.0202,0.0292
0.60,0.00,0.05,0.35,0.00,0.0391,0.0637,0.0874
0.60,0.00,0.05,0.00,0.35,0.0066,0.0149,0.0193
0.60,0.00,0.00,0.40,0.00,0.0155,0.0346,0.0479
0.60,0.00,0.00,0.35,0.05,0.0187,0.0311,0.0500
0.60,0.00,0.00,0.30,0.10,0.0130,0.0242,0.0373
0.60,0.00,0.00,0.25,0.15,0.0099,0.0194,0.0299
0.60,0.00,0.00,0.20,0.20,0.0094,0.0200,0.0273
0.60,0.00,0.00,0.15,0.25,0.0091,0.0156,0.0248
0.60,0.00,0.00,0.10,0.30,0.0096,0.0157,0.0263
0.60,0.00,0.00,0.05,0.35,0.0073,0.0113,0.0210
0.60,0.00,0.00,0.00,0.40,0.0069,0.0095,0.0169
0.55,0.45,0.00,0.00,0.00,0.0000,0.0000,0.0000
0.55,0.40,0.05,0.00,0.00,0.0204,0.0286,0.0373
0.55,0.40,0.00,0.05,0.00,0.0163,0.0235,0.0340
0.55,0.40,0.00,0.00,0.05,0.0037,0.0050,0.0090
0.55,0.35,0.10,0.00,0.00,0.0412,0.0577,0.0697
0.55,0.35,0.00,0.10,0.00,0.0221,0.0396,0.0531
0.55,0.35,0.00,0.00,0.10,0.0053,0.0091,0.0143
0.55,0.30,0.15,0.00,0.00,0.0672,0.0982,0.0958
0.55,0.30,0.00,0.15,0.00,0.0293,0.0482,0.0715
0.55,0.30,0.00,0.00,0.15,0.0092,0.0140,0.0208
0.55,0.25,0.20,0.00,0.00,0.0891,0.1209,0.1192
0.55,0.25,0.00,0.20,0.00,0.0309,0.0515,0.0718
0.55,0.25,0.00,0.00,0.20,0.0077,0.0169,0.0253
0.55,0.20,0.25,0.00,0.00,0.1107,0.1578,0.1395
0.55,0.20,0.00,0.25,0.00,0.0293,0.0501,0.0758
0.55,0.20,0.00,0.00,0.25,0.0106,0.0186,0.0258
0.55,0.15,0.30,0.00,0.00,0.1412,0.1813,0.1568
0.55,0.15,0.00,0.30,0.00,0.0274,0.0465,0.0709
0.55,0.15,0.00,0.00,0.30,0.0089,0.0193,0.0294
0.55,0.10,0.35,0.00,0.00,0.1742,0.2085,0.1664
0.55,0.10,0.00,0.35,0.00,0.0235,0.0400,0.0639
0.55,0.10,0.00,0.00,0.35,0.0103,0.0184,0.0250
0.55,0.05,0.40,0.00,0.00,0.1972,0.2278,0.1724
0.55,0.05,0.00,0.40,0.00,0.0210,0.0367,0.0521
0.55,0.05,0.00,0.00,0.40,0.0075,0.0163,0.0215
0.55,0.00,0.45,0.00,0.00,0.2176,0.2451,0.1737
0.55,0.00,0.40,0.05,0.00,0.1987,0.2385,0.1725
0.55,0.00,0.40,0.00,0.05,0.1504,0.1789,0.1510
0.55,0.00,0.35,0.10,0.00,0.1694,0.2094,0.1780
0.55,0.00,0.35,0.00,0.10,0.0887,0.1231,0.1260
0.55,0.00,0.30,0.15,0.00,0.1439,0.1905,0.1742
0.55,0.00,0.30,0.00,0.15,0.0559,0.0836,0.0969
0.55,0.00,0.25,0.20,0.00,0.1196,0.1673,0.1663
0.55,0.00,0.25,0.00,0.20,0.0339,0.0554,0.0663
0.55,0.00,0.20,0.25,0.00,0.0956,0.1363,0.1581
0.55,0.00,0.20,0.00,0.25,0.0233,0.0353,0.0460
0.55,0.00,0.15,0.30,0.00,0.0714,0.1070,0.1310
0.55,0.00,0.15,0.00,0.30,0.0185,0.0273,0.0327
0.55,0.00,0.10,0.35,0.00,0.0492,0.0765,0.1094
0.55,0.00,0.10,0.00,0.35,0.0109,0.0155,0.0276
0.55,0.00,0.05,0.40,0.00,0.0284,0.0533,0.0669
0.55,0.00,0.05,0.00,0.40,0.0100,0.0145,0.0200
0.55,0.00,0.00,0.45,0.00,0.0104,0.0256,0.0398
0.55,0.00,0.00,0.40,0.05,0.0131,0.0259,0.0335
0.55,0.00,0.00,0.35,0.10,0.0131,0.0195,0.0324
0.55,0.00,0.00,0.30,0.15,0.0098,0.0162,0.0286
0.55,0.00,0.00,0.25,0.20,0.0101,0.0148,0.0282
0.55,0.00,0.00,0.20,0.25,0.0087,0.0165,0.0232
0.55,0.00,0.00,0.15,0.30,0.0101,0.0137,0.0222
0.55,0.00,0.00,0.10,0.35,0.0081,0.0128,0.0238
0.55,0.00,0.00,0.05,0.40,0.0083,0.0135,0.0203
0.55,0.00,0.00,0.00,0.45,0.0075,0.0103,0.0165
0.50,0.50,0.00,0.00,0.00,0.0000,0.0000,0.0000
0.50,0.45,0.05,0.00,0.00,0.0198,0.0290,0.0342
0.50,0.45,0.00,0.05,0.00,0.0140,0.0258,0.0325
0.50,0.45,0.00,0.00,0.05,0.0052,0.0065,0.0105
0.50,0.40,0.10,0.00,0.00,0.0413,0.0583,0.0658
0.50,0.40,0.00,0.10,0.00,0.0240,0.0386,0.0593
0.50,0.40,0.00,0.00,0.10,0.0061,0.0141,0.0199
0.50,0.35,0.15,0.00,0.00,0.0698,0.0881,0.0918
0.50,0.35,0.00,0.15,0.00,0.0317,0.0508,0.0690
0.50,0.35,0.00,0.00,0.15,0.0110,0.0195,0.0241
0.50,0.30,0.20,0.00,0.00,0.0862,0.1288,0.1168
0.50,0.30,0.00,0.20,0.00,0.0292,0.0545,0.0769
0.50,0.30,0.00,0.00,0.20,0.0128,0.0197,0.0314
0.50,0.25,0.25,0.00,0.00,0.1117,0.1534,0.1270
0.50,0.25,0.00,0.25,0.00,0.0313,0.0538,0.0772
0.50,0.25,0.00,0.00,0.25,0.0128,0.0205,0.0319
0.50,0.20,0.30,0.00,0.00,0.1395,0.1778,0.1363
0.50,0.20,0.00,0.30,0.00,0.0319,0.0400,0.0698
0.50,0.20,0.00,0.00,0.30,0.0125,0.0203,0.0332
0.50,0.15,0.35,0.00,0.00,0.1643,0.2020,0.1504
0.50,0.15,0.00,0.35,0.00,0.0275,0.0408,0.0625
0.50,0.15,0.00,0.00,0.35,0.0151,0.0226,0.0322
0.50,0.10,0.40,0.00,0.00,0.1852,0.2288,0.1588
0.50,0.10,0.00,0.40,0.00,0.0186,0.0353,0.0493
0.50,0.10,0.00,0.00,0.40,0.0087,0.0149,0.0295
0.50,0.05,0.45,0.00,0.00,0.2087,0.2428,0.1629
0.50,0.05,0.00,0.45,0.00,0.0160,0.0231,0.0432
0.50,0.05,0.00,0.00,0.45,0.0094,0.0131,0.0186
0.50,0.00,0.50,0.00,0.00,0.2258,0.2658,0.1654
0.50,0.00,0.45,0.05,0.00,0.2179,0.2430,0.1766
0.50,0.00,0.45,0.00,0.05,0.1556,0.1912,0.1484
0.50,0.00,0.40,0.10,0.00,0.1931,0.2311,0.1698
0.50,0.00,0.40,0.00,0.10,0.1007,0.1393,0.1250
0.50,0.00,0.35,0.15,0.00,0.1668,0.2039,0.1732
0.50,0.00,0.35,0.00,0.15,0.0648,0.0999,0.0939
0.50,0.00,0.30,0.20,0.00,0.1411,0.1837,0.1673
0.50,0.00,0.30,0.00,0.20,0.0424,0.0685,0.0686
0.50,0.00,0.25,0.25,0.00,0.1139,0.1589,0.1567
0.50,0.00,0.25,0.00,0.25,0.0307,0.0414,0.0546
0.50,0.00,0.20,0.30,0.00,0.0866,0.1233,0.1349
0.50,0.00,0.20,0.00,0.30,0.0132,0.0305,0.0378
0.50,0.00,0.15,0.35,0.00,0.0668,0.0916,0.1170
0.50,0.00,0.15,0.00,0.35,0.0113,0.0209,0.0259
0.50,0.00,0.10,0.40,0.00,0.0389,0.0689,0.0867
0.50,0.00,0.10,0.00,0.40,0.0101,0.0156,0.0219
0.50,0.00,0.05,0.45,0.00,0.0242,0.0433,0.0582
0.50,0.00,0.05,0.00,0.45,0.0071,0.0127,0.0195
0.50,0.00,0.00,0.50,0.00,0.0092,0.0165,0.0333
0.50,0.00,0.00,0.45,0.05,0.0115,0.0169,0.0280
0.50,0.00,0.00,0.40,0.10,0.0109,0.0128,0.0253
0.50,0.00,0.00,0.35,0.15,0.0079,0.0162,0.0240
0.50,0.00,0.00,0.30,0.20,0.0074,0.0130,0.0200
0.50,0.00,0.00,0.25,0.25,0.0091,0.0160,0.0200
0.50,0.00,0.00,0.20,0.30,0.0085,0.0109,0.0200
0.50,0.00,0.00,0.15,0.35,0.0056,0.0110,0.0194
0.50,0.00,0.00,0.10,0.40,0.0064,0.0123,0.0205
0.50,0.00,0.00,0.05,0.45,0.0076,0.0115,0.0153
0.50,0.00,0.00,0.00,0.50,0.0062,0.0101,0.0187
0.45,0.55,0.00,0.00,0.00,0.0000,0.0000,0.0000
0.45,0.50,0.05,0.00,0.00,0.0173,0.0298,0.0304
0.45,0.50,0.00,0.05,0.00,0.0138,0.0246,0.0414
0.45,0.50,0.00,0.00,0.05,0.0057,0.0096,0.0149
0.45,0.45,0.10,0.00,0.00,0.0371,0.0554,0.0611
0.45,0.45,0.00,0.10,0.00,0.0269,0.0385,0.0584
0.45,0.45,0.00,0.00,0.10,0.0091,0.0158,0.0276
0.45,0.40,0.15,0.00,0.00,0.0646,0.0896,0.0855
0.45,0.40,0.00,0.15,0.00,0.0282,0.0466,0.0694
0.45,0.40,0.00,0.00,0.15,0.0130,0.0198,0.0326
0.45,0.35,0.20,0.00,0.00,0.0882,0.1205,0.0944
0.45,0.35,0.00,0.20,0.00,0.0311,0.0469,0.0771
0.45,0.35,0.00,0.00,0.20,0.0183,0.0237,0.0372
0.45,0.30,0.25,0.00,0.00,0.1142,0.1509,0.1142
0.45,0.30,0.00,0.25,0.00,0.0295,0.0569,0.0707
0.45,0.30,0.00,0.00,0.25,0.0152,0.0280,0.0370
0.45,0.25,0.30,0.00,0.00,0.1410,0.1797,0.1271
0.45,0.25,0.00,0.30,0.00,0.0260,0.0510,0.0721
0.45,0.25,0.00,0.00,0.30,0.0144,0.0253,0.0402
0.45,0.20,0.35,0.00,0.00,0.1581,0.2012,0.1367
0.45,0.20,0.00,0.35,0.00,0.0242,0.0498,0.0612
0.45,0.20,0.00,0.00,0.35,0.0133,0.0217,0.0345
0.45,0.15,0.40,0.00,0.00,0.1800,0.2180,0.1407
0.45,0.15,0.00,0.40,0.00,0.0166,0.0329,0.0492
0.45,0.15,0.00,0.00,0.40,0.0118,0.0172,0.0320
0.45,0.10,0.45,0.00,0.00,0.2218,0.2423,0.1448
0.45,0.10,0.00,0.45,0.00,0.0120,0.0277,0.0369
0.45,0.10,0.00,0.00,0.45,0.0063,0.0177,0.0258
0.45,0.05,0.50,0.00,0.00,0.2341,0.2519,0.1506
0.45,0.05,0.00,0.50,0.00,0.0091,0.0205,0.0310
0.45,0.05,0.00,0.00,0.50,0.0102,0.0119,0.0205
0.45,0.00,0.55,0.00,0.00,0.2470,0.2692,0.1591
0.45,0.00,0.50,0.05,0.00,0.2235,0.2623,0.1548
0.45,0.00,0.50,0.00,0.05,0.1649,0.2048,0.1411
0.45,0.00,0.45,0.10,0.00,0.1986,0.2468,0.1653
0.45,0.00,0.45,0.00,0.10,0.1185,0.1447,0.1112
0.45,0.00,0.40,0.15,0.00,0.1895,0.2235,0.1570
0.45,0.00,0.40,0.00,0.15,0.0728,0.1041,0.0934
0.45,0.00,0.35,0.20,0.00,0.1516,0.1945,0.1618
0.45,0.00,0.35,0.00,0.20,0.0465,0.0673,0.0695
0.45,0.00,0.30,0.25,0.00,0.1315,0.1597,0.1597
0.45,0.00,0.30,0.00,0.25,0.0317,0.0511,0.0557
0.45,0.00,0.25,0.30,0.00,0.1016,0.1373,0.1428
0.45,0.00,0.25,0.00,0.30,0.0195,0.0296,0.0404
0.45,0.00,0.20,0.35,0.00,0.0714,0.1165,0.1342
0.45,0.00,0.20,0.00,0.35,0.0144,0.0221,0.0281
0.45,0.00,0.15,0.40,0.00,0.0539,0.0738,0.1031
0.45,0.00,0.15,0.00,0.40,0.0074,0.0174,0.0246
0.45,0.00,0.10,0.45,0.00,0.0352,0.0513,0.0706
0.45,0.00,0.10,0.00,0.45,0.0080,0.0109,0.0199
0.45,0.00,0.05,0.50,0.00,0.0202,0.0356,0.0460
0.45,0.00,0.05,0.00,0.50,0.0060,0.0104,0.0176
0.45,0.00,0.00,0.55,0.00,0.0087,0.0148,0.0213
0.45,0.00,0.00,0.50,0.05,0.0055,0.0114,0.0221
0.45,0.00,0.00,0.45,0.10,0.0069,0.0088,0.0170
0.45,0.00,0.00,0.40,0.15,0.0065,0.0115,0.0181
0.45,0.00,0.00,0.35,0.20,0.0055,0.0114,0.0189
0.45,0.00,0.00,0.30,0.25,0.0071,0.0110,0.0177
0.45,0.00,0.00,0.25,0.30,0.0055,0.0090,0.0171
0.45,0.00,0.00,0.20,0.35,0.0052,0.0100,0.0153
0.45,0.00,0.00,0.15,0.40,0.0049,0.0098,0.0154
0.45,0.00,0.00,0.10,0.45,0.0044,0.0091,0.0154
0.45,0.00,0.00,0.05,0.50,0.0044,0.0093,0.0142
0.45,0.00,0.00,0.00,0.55,0.0050,0.0083,0.0138
0.40,0.60,0.00,0.00,0.00,0.0000,0.0000,0.0000
0.40,0.55,0.05,0.00,0.00,0.0197,0.0284,0.0302
0.40,0.55,0.00,0.05,0.00,0.0147,0.0248,0.0383
0.40,0.55,0.00,0.00,0.05,0.0059,0.0154,0.0206
0.40,0.50,0.10,0.00,0.00,0.0386,0.0593,0.0524
0.40,0.50,0.00,0.10,0.00,0.0246,0.0426,0.0580
0.40,0.50,0.00,0.00,0.10,0.0115,0.0212,0.0294
0.40,0.45,0.15,0.00,0.00,0.0613,0.0835,0.0770
0.40,0.45,0.00,0.15,0.00,0.0288,0.0503,0.0663
0.40,0.45,0.00,0.00,0.15,0.0152,0.0245,0.0408
0.40,0.40,0.20,0.00,0.00,0.0919,0.1146,0.0931
0.40,0.40,0.00,0.20,0.00,0.0350,0.0544,0.0744
0.40,0.40,0.00,0.00,0.20,0.0177,0.0295,0.0381
0.40,0.35,0.25,0.00,0.00,0.1179,0.1495,0.1064
0.40,0.35,0.00,0.25,0.00,0.0301,0.0490,0.0784
0.40,0.35,0.00,0.00,0.25,0.0172,0.0336,0.0420
0.40,0.30,0.30,0.00,0.00,0.1423,0.1692,0.1103
0.40,0.30,0.00,0.30,0.00,0.0270,0.0476,0.0718
0.40,0.30,0.00,0.00,0.30,0.0161,0.0302,0.0429
0.40,0.25,0.35,0.00,0.00,0.1610,0.1992,0.1154
0.40,0.25,0.00,0.35,0.00,0.0274,0.0429,0.0660
0.40,0.25,0.00,0.00,0.35,0.0162,0.0261,0.0407
0.40,0.20,0.40,0.00,0.00,0.1760,0.2149,0.1236
0.40,0.20,0.00,0.40,0.00,0.0191,0.0313,0.0556
0.40,0.20,0.00,0.00,0.40,0.0153,0.0207,0.0343
0.40,0.15,0.45,0.00,0.00,0.2122,0.2369,0.1207
0.40,0.15,0.00,0.45,0.00,0.0172,0.0255,0.0387
0.40,0.15,0.00,0.00,0.45,0.0129,0.0188,0.0266
0.40,0.10,0.50,0.00,0.00,0.2285,0.2554,0.1361
0.40,0.10,0.00,0.50,0.00,0.0101,0.0177,0.0305
0.40,0.10,0.00,0.00,0.50,0.0080,0.0131,0.0225
0.40,0.05,0.55,0.00,0.00,0.2434,0.2572,0.1345
0.40,0.05,0.00,0.55,0.00,0.0067,0.0131,0.0206
0.40,0.05,0.00,0.00,0.55,0.0074,0.0098,0.0168
0.40,0.00,0.60,0.00,0.00,0.2566,0.2780,0.1411
0.40,0.00,0.55,0.05,0.00,0.2456,0.2610,0.1334
0.40,0.00,0.55,0.00,0.05,0.1884,0.2038,0.1265
0.40,0.00,0.50,0.10,0.00,0.2199,0.2563,0.1515
0.40,0.00,0.50,0.00,0.10,0.1230,0.1437,0.1081
0.40,0.00,0.45,0.15,0.00,0.2115,0.2296,0.1553
0.40,0.00,0.45,0.00,0.15,0.0808,0.0980,0.0907
0.40,0.00,0.40,0.20,0.00,0.1713,0.2041,0.1508
0.40,0.00,0.40,0.00,0.20,0.0521,0.0734,0.0693
0.40,0.00,0.35,0.25,0.00,0.1425,0.1677,0.1473
0.40,0.00,0.35,0.00,0.25,0.0321,0.0467,0.0535
0.40,0.00,0.30,0.30,0.00,0.1128,0.1567,0.1430
0.40,0.00,0.30,0.00,0.30,0.0199,0.0304,0.0375
0.40,0.00,0.25,0.35,0.00,0.0847,0.1167,0.1294
0.40,0.00,0.25,0.00,0.35,0.0133,0.0243,0.0295
0.40,0.00,0.20,0.40,0.00,0.0646,0.0925,0.1121
0.40,0.00,0.20,0.00,0.40,0.0090,0.0137,0.0253
0.40,0.00,0.15,0.45,0.00,0.0434,0.0630,0.0842
0.40,0.00,0.15,0.00,0.45,0.0068,0.0113,0.0173
0.40,0.00,0.10,0.50,0.00,0.0260,0.0449,0.0549
0.40,0.00,0.10,0.00,0.50,0.0038,0.0073,0.0136
0.40,0.00,0.05,0.55,0.00,0.0116,0.0210,0.0344
0.40,0.00,0.05,0.00,0.55,0.0038,0.0067,0.0115
0.40,0.00,0.00,0.60,0.00,0.0048,0.0089,0.0147
0.40,0.00,0.00,0.55,0.05,0.0051,0.0071,0.0128
0.40,0.00,0.00,0.50,0.10,0.0038,0.0064,0.0127
0.40,0.00,0.00,0.45,0.15,0.0040,0.0086,0.0105
0.40,0.00,0.00,0.40,0.20,0.0035,0.0074,0.0100
0.40,0.00,0.00,0.35,0.25,0.0033,0.0071,0.0119
0.40,0.00,0.00,0.30,0.30,0.0040,0.0071,0.0092
0.40,0.00,0.00,0.25,0.35,0.0028,0.0053,0.0144
0.40,0.00,0.00,0.20,0.40,0.0040,0.0056,0.0135
0.40,0.00,0.00,0.15,0.45,0.0051,0.0087,0.0122
0.40,0.00,0.00,0.10,0.50,0.0038,0.0073,0.0105
0.40,0.00,0.00,0.05,0.55,0.0033,0.0065,0.0110
0.40,0.00,0.00,0.00,0.60,0.0028,0.0054,0.0109
0.35,0.65,0.00,0.00,0.00,0.0000,0.0000,0.0000
0.35,0.60,0.05,0.00,0.00,0.0198,0.0293,0.0267
0.35,0.60,0.00,0.05,0.00,0.0136,0.0294,0.0345
0.35,0.60,0.00,0.00,0.05,0.0081,0.0146,0.0224
0.35,0.55,0.10,0.00,0.00,0.0416,0.0580,0.0503
0.35,0.55,0.00,0.10,0.00,0.0214,0.0366,0.0572
0.35,0.55,0.00,0.00,0.10,0.0147,0.0240,0.0331
0.35,0.50,0.15,0.00,0.00,0.0613,0.0899,0.0727
0.35,0.50,0.00,0.15,0.00,0.0302,0.0470,0.0804
0.35,0.50,0.00,0.00,0.15,0.0190,0.0300,0.0480
0.35,0.45,0.20,0.00,0.00,0.0866,0.1095,0.0803
0.35,0.45,0.00,0.20,0.00,0.0321,0.0496,0.0743
0.35,0.45,0.00,0.00,0.20,0.0214,0.0365,0.0492
0.35,0.40,0.25,0.00,0.00,0.1080,0.1383,0.0967
0.35,0.40,0.00,0.25,0.00,0.0326,0.0501,0.0783
0.35,0.40,0.00,0.00,0.25,0.0195,0.0400,0.0478
0.35,0.35,0.30,0.00,0.00,0.1373,0.1646,0.1036
0.35,0.35,0.00,0.30,0.00,0.0300,0.0461,0.0739
0.35,0.35,0.00,0.00,0.30,0.0219,0.0338,0.0489
0.35,0.30,0.35,0.00,0.00,0.1594,0.1831,0.1051
0.35,0.30,0.00,0.35,0.00,0.0238,0.0416,0.0649
0.35,0.30,0.00,0.00,0.35,0.0138,0.0322,0.0463
0.35,0.25,0.40,0.00,0.00,0.1851,0.2038,0.1066
0.35,0.25,0.00,0.40,0.00,0.0196,0.0345,0.0560
0.35,0.25,0.00,0.00,0.40,0.0147,0.0234,0.0408
0.35,0.20,0.45,0.00,0.00,0.2007,0.2230,0.1165
0.35,0.20,0.00,0.45,0.00,0.0200,0.0265,0.0482
0.35,0.20,0.00,0.00,0.45,0.0103,0.0178,0.0341
0.35,0.15,0.50,0.00,0.00,0.2141,0.2472,0.1062
0.35,0.15,0.00,0.50,0.00,0.0153,0.0209,0.0324
0.35,0.15,0.00,0.00,0.50,0.0093,0.0143,0.0274
0.35,0.10,0.55,0.00,0.00,0.2530,0.2511,0.1132
0.35,0.10,0.00,0.55,0.00,0.0089,0.0115,0.0236
0.35,0.10,0.00,0.00,0.55,0.0060,0.0105,0.0219
0.35,0.05,0.60,0.00,0.00,0.2568,0.2675,0.1105
0.35,0.05,0.00,0.60,0.00,0.0048,0.0089,0.0139
0.35,0.05,0.00,0.00,0.60,0.0043,0.0067,0.0129
0.35,0.00,0.65,0.00,0.00,0.2800,0.2765,0.1206
0.35,0.00,0.60,0.05,0.00,0.2679,0.2708,0.1272
0.35,0.00,0.60,0.00,0.05,0.1925,0.2099,0.1149
0.35,0.00,0.55,0.10,0.00,0.2422,0.2477,0.1309
0.35,0.00,0.55,0.00,0.10,0.1320,0.1486,0.1037
0.35,0.00,0.50,0.15,0.00,0.2158,0.2346,0.1404
0.35,0.00,0.50,0.00,0.15,0.0852,0.1025,0.0815
0.35,0.00,0.45,0.20,0.00,0.1837,0.2116,0.1427
0.35,0.00,0.45,0.00,0.20,0.0559,0.0742,0.0635
0.35,0.00,0.40,0.25,0.00,0.1592,0.1833,0.1407
0.35,0.00,0.40,0.00,0.25,0.0379,0.0515,0.0479
0.35,0.00,0.35,0.30,0.00,0.1238,0.1652,0.1341
0.35,0.00,0.35,0.00,0.30,0.0194,0.0300,0.0373
0.35,0.00,0.30,0.35,0.00,0.0973,0.1258,0.1267
0.35,0.00,0.30,0.00,0.35,0.0102,0.0210,0.0260
0.35,0.00,0.25,0.40,0.00,0.0690,0.1024,0.1080
0.35,0.00,0.25,0.00,0.40,0.0083,0.0137,0.0180
0.35,0.00,0.20,0.45,0.00,0.0499,0.0750,0.0916
0.35,0.00,0.20,0.00,0.45,0.0055,0.0093,0.0154
0.35,0.00,0.15,0.50,0.00,0.0317,0.0510,0.0706
0.35,0.00,0.15,0.00,0.50,0.0032,0.0052,0.0091
0.35,0.00,0.10,0.55,0.00,0.0196,0.0278,0.0429
0.35,0.00,0.10,0.00,0.55,0.0025,0.0045,0.0089
0.35,0.00,0.05,0.60,0.00,0.0068,0.0162,0.0254
0.35,0.00,0.05,0.00,0.60,0.0034,0.0054,0.0084
0.35,0.00,0.00,0.65,0.00,0.0028,0.0059,0.0090
0.35,0.00,0.00,0.60,0.05,0.0027,0.0036,0.0075
0.35,0.00,0.00,0.55,0.10,0.0016,0.0036,0.0082
0.35,0.00,0.00,0.50,0.15,0.0031,0.0071,0.0100
0.35,0.00,0.00,0.45,0.20,0.0029,0.0041,0.0067
0.35,0.00,0.00,0.40,0.25,0.0018,0.0034,0.0072
0.35,0.00,0.00,0.35,0.30,0.0023,0.0033,0.0089
0.35,0.00,0.00,0.30,0.35,0.0024,0.0039,0.0080
0.35,0.00,0.00,0.25,0.40,0.0025,0.0032,0.0079
0.35,0.00,0.00,0.20,0.45,0.0023,0.0048,0.0072
0.35,0.00,0.00,0.15,0.50,0.0025,0.0042,0.0069
0.35,0.00,0.00,0.10,0.55,0.0028,0.0045,0.0071
0.35,0.00,0.00,0.05,0.60,0.0023,0.0032,0.0072
0.35,0.00,0.00,0.00,0.65,0.0029,0.0036,0.0079
0.30,0.70,0.00,0.00,0.00,0.0000,0.0000,0.0000
0.30,0.65,0.05,0.00,0.00,0.0182,0.0295,0.0241
0.30,0.65,0.00,0.05,0.00,0.0141,0.0253,0.0365
0.30,0.65,0.00,0.00,0.05,0.0086,0.0162,0.0259
0.30,0.60,0.10,0.00,0.00,0.0405,0.0588,0.0459
0.30,0.60,0.00,0.10,0.00,0.0239,0.0407,0.0594
0.30,0.60,0.00,0.00,0.10,0.0150,0.0242,0.0403
0.30,0.55,0.15,0.00,0.00,0.0656,0.0844,0.0593
0.30,0.55,0.00,0.15,0.00,0.0327,0.0514,0.0731
0.30,0.55,0.00,0.00,0.15,0.0200,0.0379,0.0520
0.30,0.50,0.20,0.00,0.00,0.0843,0.1070,0.0667
0.30,0.50,0.00,0.20,0.00,0.0283,0.0479,0.0798
0.30,0.50,0.00,0.00,0.20,0.0213,0.0390,0.0522
0.30,0.45,0.25,0.00,0.00,0.1121,0.1352,0.0821
0.30,0.45,0.00,0.25,0.00,0.0306,0.0497,0.0773
0.30,0.45,0.00,0.00,0.25,0.0228,0.0376,0.0582
0.30,0.40,0.30,0.00,0.00,0.1357,0.1538,0.0917
0.30,0.40,0.00,0.30,0.00,0.0300,0.0476,0.0696
0.30,0.40,0.00,0.00,0.30,0.0230,0.0355,0.0576
0.30,0.35,0.35,0.00,0.00,0.1671,0.1814,0.0971
0.30,0.35,0.00,0.35,0.00,0.0241,0.0454,0.0680
0.30,0.35,0.00,0.00,0.35,0.0201,0.0303,0.0555
0.30,0.30,0.40,0.00,0.00,0.1867,0.2006,0.0983
0.30,0.30,0.00,0.40,0.00,0.0211,0.0398,0.0565
0.30,0.30,0.00,0.00,0.40,0.0126,0.0228,0.0458
0.30,0.25,0.45,0.00,0.00,0.2022,0.2121,0.1009
0.30,0.25,0.00,0.45,0.00,0.0165,0.0300,0.0504
0.30,0.25,0.00,0.00,0.45,0.0147,0.0255,0.0334
0.30,0.20,0.50,0.00,0.00,0.2288,0.2295,0.1018
0.30,0.20,0.00,0.50,0.00,0.0098,0.0211,0.0319
0.30,0.20,0.00,0.00,0.50,0.0096,0.0148,0.0255
0.30,0.15,0.55,0.00,0.00,0.2354,0.2463,0.0978
0.30,0.15,0.00,0.55,0.00,0.0087,0.0171,0.0248
0.30,0.15,0.00,0.00,0.55,0.0068,0.0107,0.0178
0.30,0.10,0.60,0.00,0.00,0.2531,0.2613,0.0989
0.30,0.10,0.00,0.60,0.00,0.0057,0.0086,0.0135
0.30,0.10,0.00,0.00,0.60,0.0048,0.0079,0.0146
0.30,0.05,0.65,0.00,0.00,0.2750,0.2657,0.1042
0.30,0.05,0.00,0.65,0.00,0.0029,0.0059,0.0099
0.30,0.05,0.00,0.00,0.65,0.0033,0.0057,0.0077
0.30,0.00,0.70,0.00,0.00,0.2843,0.2793,0.1090
0.30,0.00,0.65,0.05,0.00,0.2795,0.2675,0.1156
0.30,0.00,0.65,0.00,0.05,0.1905,0.2112,0.0960
0.30,0.00,0.60,0.10,0.00,0.2592,0.2519,0.1233
0.30,0.00,0.60,0.00,0.10,0.1371,0.1479,0.0902
0.30,0.00,0.55,0.15,0.00,0.2262,0.2323,0.1260
0.30,0.00,0.55,0.00,0.15,0.0920,0.1107,0.0782
0.30,0.00,0.50,0.20,0.00,0.2068,0.2174,0.1314
0.30,0.00,0.50,0.00,0.20,0.0549,0.0689,0.0620
0.30,0.00,0.45,0.25,0.00,0.1669,0.1961,0.1323
0.30,0.00,0.45,0.00,0.25,0.0375,0.0496,0.0435
0.30,0.00,0.40,0.30,0.00,0.1320,0.1651,0.1326
0.30,0.00,0.40,0.00,0.30,0.0210,0.0313,0.0342
0.30,0.00,0.35,0.35,0.00,0.1044,0.1304,0.1221
0.30,0.00,0.35,0.00,0.35,0.0151,0.0214,0.0289
0.30,0.00,0.30,0.40,0.00,0.0717,0.1128,0.1088
0.30,0.00,0.30,0.00,0.40,0.0077,0.0125,0.0155
0.30,0.00,0.25,0.45,0.00,0.0557,0.0881,0.0917
0.30,0.00,0.25,0.00,0.45,0.0058,0.0089,0.0117
0.30,0.00,0.20,0.50,0.00,0.0384,0.0563,0.0715
0.30,0.00,0.20,0.00,0.50,0.0032,0.0051,0.0100
0.30,0.00,0.15,0.55,0.00,0.0195,0.0391,0.0572
0.30,0.00,0.15,0.00,0.55,0.0018,0.0043,0.0074
0.30,0.00,0.10,0.60,0.00,0.0126,0.0227,0.0281
0.30,0.00,0.10,0.00,0.60,0.0016,0.0033,0.0052
0.30,0.00,0.05,0.65,0.00,0.0043,0.0096,0.0165
0.30,0.00,0.05,0.00,0.65,0.0010,0.0029,0.0055
0.30,0.00,0.00,0.70,0.00,0.0008,0.0021,0.0048
0.30,0.00,0.00,0.65,0.05,0.0031,0.0023,0.0045
0.30,0.00,0.00,0.60,0.10,0.0014,0.0023,0.0043
0.30,0.00,0.00,0.55,0.15,0.0022,0.0015,0.0054
0.30,0.00,0.00,0.50,0.20,0.0014,0.0020,0.0028
0.30,0.00,0.00,0.45,0.25,0.0014,0.0018,0.0040
0.30,0.00,0.00,0.40,0.30,0.0019,0.0022,0.0040
0.30,0.00,0.00,0.35,0.35,0.0016,0.0038,0.0048
0.30,0.00,0.00,0.30,0.40,0.0021,0.0028,0.0055
0.30,0.00,0.00,0.25,0.45,0.0014,0.0021,0.0050
0.30,0.00,0.00,0.20,0.50,0.0019,0.0033,0.0047
0.30,0.00,0.00,0.15,0.55,0.0012,0.0022,0.0044
0.30,0.00,0.00,0.10,0.60,0.0014,0.0023,0.0038
0.30,0.00,0.00,0.05,0.65,0.0014,0.0032,0.0046
0.30,0.00,0.00,0.00,0.70,0.0023,0.0031,0.0036
0.25,0.75,0.00,0.00,0.00,0.0000,0.0000,0.0000
0.25,0.70,0.05,0.00,0.00,0.0202,0.0294,0.0219
0.25,0.70,0.00,0.05,0.00,0.0132,0.0223,0.0355
0.25,0.70,0.00,0.00,0.05,0.0094,0.0202,0.0298
0.25,0.65,0.10,0.00,0.00,0.0413,0.0602,0.0380
0.25,0.65,0.00,0.10,0.00,0.0226,0.0384,0.0601
0.25,0.65,0.00,0.00,0.10,0.0192,0.0318,0.0449
0.25,0.60,0.15,0.00,0.00,0.0610,0.0880,0.0480
0.25,0.60,0.00,0.15,0.00,0.0298,0.0479,0.0707
0.25,0.60,0.00,0.00,0.15,0.0253,0.0339,0.0584
0.25,0.55,0.20,0.00,0.00,0.0789,0.1107,0.0593
0.25,0.55,0.00,0.20,0.00,0.0309,0.0530,0.0748
0.25,0.55,0.00,0.00,0.20,0.0307,0.0444,0.0643
0.25,0.50,0.25,0.00,0.00,0.1109,0.1339,0.0757
0.25,0.50,0.00,0.25,0.00,0.0355,0.0530,0.0812
0.25,0.50,0.00,0.00,0.25,0.0242,0.0441,0.0659
0.25,0.45,0.30,0.00,0.00,0.1342,0.1475,0.0841
0.25,0.45,0.00,0.30,0.00,0.0349,0.0500,0.0775
0.25,0.45,0.00,0.00,0.30,0.0256,0.0385,0.0644
0.25,0.40,0.35,0.00,0.00,0.1557,0.1728,0.0841
0.25,0.40,0.00,0.35,0.00,0.0265,0.0456,0.0728
0.25,0.40,0.00,0.00,0.35,0.0226,0.0349,0.0448
0.25,0.35,0.40,0.00,0.00,0.1899,0.1834,0.0877
0.25,0.35,0.00,0.40,0.00,0.0270,0.0429,0.0590
0.25,0.35,0.00,0.00,0.40,0.0165,0.0321,0.0416
0.25,0.30,0.45,0.00,0.00,0.1994,0.2028,0.0822
0.25,0.30,0.00,0.45,0.00,0.0172,0.0296,0.0489
0.25,0.30,0.00,0.00,0.45,0.0144,0.0190,0.0377
0.25,0.25,0.50,0.00,0.00,0.2161,0.2216,0.0802
0.25,0.25,0.00,0.50,0.00,0.0139,0.0272,0.0430
0.25,0.25,0.00,0.00,0.50,0.0119,0.0182,0.0294
0.25,0.20,0.55,0.00,0.00,0.2348,0.2240,0.0811
0.25,0.20,0.00,0.55,0.00,0.0105,0.0168,0.0229
0.25,0.20,0.00,0.00,0.55,0.0069,0.0123,0.0218
0.25,0.15,0.60,0.00,0.00,0.2541,0.2421,0.0787
0.25,0.15,0.00,0.60,0.00,0.0066,0.0108,0.0171
0.25,0.15,0.00,0.00,0.60,0.0049,0.0091,0.0166
0.25,0.10,0.65,0.00,0.00,0.2671,0.2591,0.0924
0.25,0.10,0.00,0.65,0.00,0.0038,0.0067,0.0128
0.25,0.10,0.00,0.00,0.65,0.0031,0.0051,0.0089
0.25,0.05,0.70,0.00,0.00,0.2861,0.2623,0.0890
0.25,0.05,0.00,0.70,0.00,0.0018,0.0025,0.0043
0.25,0.05,0.00,0.00,0.70,0.0011,0.0025,0.0051
0.25,0.00,0.75,0.00,0.00,0.2941,0.2751,0.0883
0.25,0.00,0.70,0.05,0.00,0.2762,0.2645,0.0996
0.25,0.00,0.70,0.00,0.05,0.2025,0.2046,0.0857
0.25,0.00,0.65,0.10,0.00,0.2698,0.2545,0.0942
0.25,0.00,0.65,0.00,0.10,0.1396,0.1577,0.0815
0.25,0.00,0.60,0.15,0.00,0.2432,0.2435,0.1101
0.25,0.00,0.60,0.00,0.15,0.0948,0.1023,0.0671
0.25,0.00,0.55,0.20,0.00,0.2141,0.2253,0.1129
0.25,0.00,0.55,0.00,0.20,0.0621,0.0718,0.0561
0.25,0.00,0.50,0.25,0.00,0.1773,0.1946,0.1179
0.25,0.00,0.50,0.00,0.25,0.0363,0.0443,0.0385
0.25,0.00,0.45,0.30,0.00,0.1522,0.1672,0.1165
0.25,0.00,0.45,0.00,0.30,0.0261,0.0321,0.0276
0.25,0.00,0.40,0.35,0.00,0.1215,0.1448,0.1123
0.25,0.00,0.40,0.00,0.35,0.0130,0.0193,0.0193
0.25,0.00,0.35,0.40,0.00,0.0881,0.1182,0.1043
0.25,0.00,0.35,0.00,0.40,0.0082,0.0113,0.0165
0.25,0.00,0.30,0.45,0.00,0.0663,0.0891,0.0871
0.25,0.00,0.30,0.00,0.45,0.0050,0.0097,0.0095
0.25,0.00,0.25,0.50,0.00,0.0409,0.0643,0.0728
0.25,0.00,0.25,0.00,0.50,0.0037,0.0051,0.0053
0.25,0.00,0.20,0.55,0.00,0.0331,0.0496,0.0546
0.25,0.00,0.20,0.00,0.55,0.0025,0.0030,0.0044
0.25,0.00,0.15,0.60,0.00,0.0191,0.0281,0.0324
0.25,0.00,0.15,0.00,0.60,0.0010,0.0023,0.0033
0.25,0.00,0.10,0.65,0.00,0.0097,0.0139,0.0223
0.25,0.00,0.10,0.00,0.65,0.0018,0.0018,0.0018
0.25,0.00,0.05,0.70,0.00,0.0041,0.0057,0.0100
0.25,0.00,0.05,0.00,0.70,0.0004,0.0017,0.0021
0.25,0.00,0.00,0.75,0.00,0.0005,0.0004,0.0020
0.25,0.00,0.00,0.70,0.05,0.0001,0.0010,0.0009
0.25,0.00,0.00,0.65,0.10,0.0006,0.0006,0.0014
0.25,0.00,0.00,0.60,0.15,0.0003,0.0008,0.0020
0.25,0.00,0.00,0.55,0.20,0.0007,0.0024,0.0016
0.25,0.00,0.00,0.50,0.25,0.0006,0.0011,0.0029
0.25,0.00,0.00,0.45,0.30,0.0003,0.0017,0.0015
0.25,0.00,0.00,0.40,0.35,0.0008,0.0013,0.0016
0.25,0.00,0.00,0.35,0.40,0.0014,0.0013,0.0015
0.25,0.00,0.00,0.30,0.45,0.0005,0.0017,0.0018
0.25,0.00,0.00,0.25,0.50,0.0008,0.0009,0.0021
0.25,0.00,0.00,0.20,0.55,0.0005,0.0012,0.0032
0.25,0.00,0.00,0.15,0.60,0.0007,0.0014,0.0033
0.25,0.00,0.00,0.10,0.65,0.0003,0.0015,0.0009
0.25,0.00,0.00,0.05,0.70,0.0010,0.0016,0.0018
0.25,0.00,0.00,0.00,0.75,0.0004,0.0011,0.0027
0.20,0.80,0.00,0.00,0.00,0.0000,0.0000,0.0000
0.20,0.75,0.05,0.00,0.00,0.0195,0.0315,0.0217
0.20,0.75,0.00,0.05,0.00,0.0135,0.0249,0.0365
0.20,0.75,0.00,0.00,0.05,0.0122,0.0189,0.0333
0.20,0.70,0.10,0.00,0.00,0.0397,0.0572,0.0369
0.20,0.70,0.00,0.10,0.00,0.0233,0.0406,0.0558
0.20,0.70,0.00,0.00,0.10,0.0209,0.0360,0.0512
0.20,0.65,0.15,0.00,0.00,0.0639,0.0781,0.0380
0.20,0.65,0.00,0.15,0.00,0.0293,0.0491,0.0708
0.20,0.65,0.00,0.00,0.15,0.0290,0.0399,0.0694
0.20,0.60,0.20,0.00,0.00,0.0884,0.1071,0.0521
0.20,0.60,0.00,0.20,0.00,0.0315,0.0500,0.0749
0.20,0.60,0.00,0.00,0.20,0.0277,0.0443,0.0715
0.20,0.55,0.25,0.00,0.00,0.1164,0.1272,0.0604
0.20,0.55,0.00,0.25,0.00,0.0308,0.0537,0.0788
0.20,0.55,0.00,0.00,0.25,0.0259,0.0439,0.0655
0.20,0.50,0.30,0.00,0.00,0.1299,0.1454,0.0611
0.20,0.50,0.00,0.30,0.00,0.0351,0.0533,0.0769
0.20,0.50,0.00,0.00,0.30,0.0257,0.0415,0.0621
0.20,0.45,0.35,0.00,0.00,0.1628,0.1600,0.0699
0.20,0.45,0.00,0.35,0.00,0.0255,0.0413,0.0744
0.20,0.45,0.00,0.00,0.35,0.0216,0.0358,0.0542
0.20,0.40,0.40,0.00,0.00,0.1753,0.1822,0.0727
0.20,0.40,0.00,0.40,0.00,0.0253,0.0373,0.0645
0.20,0.40,0.00,0.00,0.40,0.0196,0.0351,0.0468
0.20,0.35,0.45,0.00,0.00,0.1999,0.1920,0.0723
0.20,0.35,0.00,0.45,0.00,0.0227,0.0346,0.0533
0.20,0.35,0.00,0.00,0.45,0.0159,0.0214,0.0373
0.20,0.30,0.50,0.00,0.00,0.2208,0.2080,0.0699
0.20,0.30,0.00,0.50,0.00,0.0131,0.0284,0.0462
0.20,0.30,0.00,0.00,0.50,0.0091,0.0193,0.0286
0.20,0.25,0.55,0.00,0.00,0.2309,0.2222,0.0796
0.20,0.25,0.00,0.55,0.00,0.0130,0.0221,0.0322
0.20,0.25,0.00,0.00,0.55,0.0090,0.0136,0.0227
0.20,0.20,0.60,0.00,0.00,0.2388,0.2286,0.0790
0.20,0.20,0.00,0.60,0.00,0.0092,0.0155,0.0241
0.20,0.20,0.00,0.00,0.60,0.0049,0.0079,0.0127
0.20,0.15,0.65,0.00,0.00,0.2695,0.2463,0.0754
0.20,0.15,0.00,0.65,0.00,0.0052,0.0070,0.0145
0.20,0.15,0.00,0.00,0.65,0.0032,0.0054,0.0084
0.20,0.10,0.70,0.00,0.00,0.2755,0.2625,0.0750
0.20,0.10,0.00,0.70,0.00,0.0036,0.0045,0.0082
0.20,0.10,0.00,0.00,0.70,0.0018,0.0025,0.0062
0.20,0.05,0.75,0.00,0.00,0.3003,0.2586,0.0852
0.20,0.05,0.00,0.75,0.00,0.0020,0.0019,0.0035
0.20,0.05,0.00,0.00,0.75,0.0006,0.0005,0.0020
0.20,0.00,0.80,0.00,0.00,0.3003,0.2651,0.0765
0.20,0.00,0.75,0.05,0.00,0.2994,0.2716,0.0954
0.20,0.00,0.75,0.00,0.05,0.2161,0.1986,0.0664
0.20,0.00,0.70,0.10,0.00,0.2759,0.2520,0.0901
0.20,0.00,0.70,0.00,0.10,0.1449,0.1458,0.0656
0.20,0.00,0.65,0.15,0.00,0.2494,0.2401,0.0978
0.20,0.00,0.65,0.00,0.15,0.0967,0.1078,0.0603
0.20,0.00,0.60,0.20,0.00,0.2197,0.2183,0.0997
0.20,0.00,0.60,0.00,0.20,0.0647,0.0688,0.0506
0.20,0.00,0.55,0.25,0.00,0.1904,0.1901,0.1037
0.20,0.00,0.55,0.00,0.25,0.0369,0.0469,0.0349
0.20,0.00,0.50,0.30,0.00,0.1610,0.1697,0.0955
0.20,0.00,0.50,0.00,0.30,0.0257,0.0328,0.0265
0.20,0.00,0.45,0.35,0.00,0.1312,0.1430,0.1042
0.20,0.00,0.45,0.00,0.35,0.0173,0.0201,0.0205
0.20,0.00,0.40,0.40,0.00,0.1022,0.1174,0.0946
0.20,0.00,0.40,0.00,0.40,0.0071,0.0125,0.0116
0.20,0.00,0.35,0.45,0.00,0.0664,0.0979,0.0867
0.20,0.00,0.35,0.00,0.45,0.0037,0.0076,0.0088
0.20,0.00,0.30,0.50,0.00,0.0512,0.0709,0.0694
0.20,0.00,0.30,0.00,0.50,0.0024,0.0047,0.0042
0.20,0.00,0.25,0.55,0.00,0.0330,0.0495,0.0508
0.20,0.00,0.25,0.00,0.55,0.0013,0.0022,0.0037
0.20,0.00,0.20,0.60,0.00,0.0211,0.0317,0.0411
0.20,0.00,0.20,0.00,0.60,0.0011,0.0027,0.0039
0.20,0.00,0.15,0.65,0.00,0.0107,0.0170,0.0243
0.20,0.00,0.15,0.00,0.65,0.0005,0.0016,0.0027
0.20,0.00,0.10,0.70,0.00,0.0056,0.0077,0.0140
0.20,0.00,0.10,0.00,0.70,0.0005,0.0013,0.0015
0.20,0.00,0.05,0.75,0.00,0.0024,0.0036,0.0055
0.20,0.00,0.05,0.00,0.75,0.0001,0.0003,0.0012
0.20,0.00,0.00,0.80,0.00,0.0000,0.0003,0.0006
0.20,0.00,0.00,0.75,0.05,0.0002,0.0005,0.0005
0.20,0.00,0.00,0.70,0.10,0.0000,0.0003,0.0010
0.20,0.00,0.00,0.65,0.15,0.0001,0.0005,0.0005
0.20,0.00,0.00,0.60,0.20,0.0002,0.0002,0.0010
0.20,0.00,0.00,0.55,0.25,0.0002,0.0006,0.0007
0.20,0.00,0.00,0.50,0.30,0.0004,0.0005,0.0011
0.20,0.00,0.00,0.45,0.35,0.0004,0.0004,0.0008
0.20,0.00,0.00,0.40,0.40,0.0005,0.0006,0.0011
0.20,0.00,0.00,0.35,0.45,0.0005,0.0013,0.0014
0.20,0.00,0.00,0.30,0.50,0.0006,0.0004,0.0006
0.20,0.00,0.00,0.25,0.55,0.0006,0.0009,0.0014
0.20,0.00,0.00,0.20,0.60,0.0005,0.0006,0.0016
0.20,0.00,0.00,0.15,0.65,0.0005,0.0004,0.0007
0.20,0.00,0.00,0.10,0.70,0.0003,0.0008,0.0009
0.20,0.00,0.00,0.05,0.75,0.0003,0.0004,0.0011
0.20,0.00,0.00,0.00,0.80,0.0003,0.0006,0.0004
0.15,0.85,0.00,0.00,0.00,0.0000,0.0000,0.0000
0.15,0.80,0.05,0.00,0.00,0.0174,0.0314,0.0133
0.15,0.80,0.00,0.05,0.00,0.0114,0.0219,0.0354
0.15,0.80,0.00,0.00,0.05,0.0120,0.0225,0.0331
0.15,0.75,0.10,0.00,0.00,0.0396,0.0558,0.0254
0.15,0.75,0.00,0.10,0.00,0.0258,0.0373,0.0607
0.15,0.75,0.00,0.00,0.10,0.0236,0.0394,0.0594
0.15,0.70,0.15,0.00,0.00,0.0673,0.0778,0.0361
0.15,0.70,0.00,0.15,0.00,0.0310,0.0492,0.0679
0.15,0.70,0.00,0.00,0.15,0.0271,0.0418,0.0659
0.15,0.65,0.20,0.00,0.00,0.0896,0.1072,0.0415
0.15,0.65,0.00,0.20,0.00,0.0319,0.0536,0.0732
0.15,0.65,0.00,0.00,0.20,0.0313,0.0514,0.0757
0.15,0.60,0.25,0.00,0.00,0.1126,0.1300,0.0568
0.15,0.60,0.00,0.25,0.00,0.0342,0.0554,0.0826
0.15,0.60,0.00,0.00,0.25,0.0296,0.0474,0.0792
0.15,0.55,0.30,0.00,0.00,0.1332,0.1442,0.0540
0.15,0.55,0.00,0.30,0.00,0.0348,0.0541,0.0763
0.15,0.55,0.00,0.00,0.30,0.0270,0.0449,0.0678
0.15,0.50,0.35,0.00,0.00,0.1554,0.1600,0.0535
0.15,0.50,0.00,0.35,0.00,0.0311,0.0524,0.0779
0.15,0.50,0.00,0.00,0.35,0.0248,0.0368,0.0576
0.15,0.45,0.40,0.00,0.00,0.1776,0.1705,0.0628
0.15,0.45,0.00,0.40,0.00,0.0261,0.0458,0.0710
0.15,0.45,0.00,0.00,0.40,0.0206,0.0290,0.0547
0.15,0.40,0.45,0.00,0.00,0.2010,0.1866,0.0597
0.15,0.40,0.00,0.45,0.00,0.0240,0.0375,0.0595
0.15,0.40,0.00,0.00,0.45,0.0121,0.0238,0.0354
0.15,0.35,0.50,0.00,0.00,0.2149,0.1907,0.0567
0.15,0.35,0.00,0.50,0.00,0.0187,0.0326,0.0512
0.15,0.35,0.00,0.00,0.50,0.0092,0.0217,0.0284
0.15,0.30,0.55,0.00,0.00,0.2244,0.2127,0.0607
0.15,0.30,0.00,0.55,0.00,0.0150,0.0237,0.0383
0.15,0.30,0.00,0.00,0.55,0.0074,0.0139,0.0242
0.15,0.25,0.60,0.00,0.00,0.2482,0.2204,0.0660
0.15,0.25,0.00,0.60,0.00,0.0136,0.0193,0.0291
0.15,0.25,0.00,0.00,0.60,0.0054,0.0092,0.0147
0.15,0.20,0.65,0.00,0.00,0.2667,0.2364,0.0720
0.15,0.20,0.00,0.65,0.00,0.0069,0.0128,0.0197
0.15,0.20,0.00,0.00,0.65,0.0044,0.0069,0.0107
0.15,0.15,0.70,0.00,0.00,0.2755,0.2478,0.0635
0.15,0.15,0.00,0.70,0.00,0.0030,0.0068,0.0132
0.15,0.15,0.00,0.00,0.70,0.0014,0.0039,0.0062
0.15,0.10,0.75,0.00,0.00,0.2866,0.2574,0.0643
0.15,0.10,0.00,0.75,0.00,0.0019,0.0037,0.0054
0.15,0.10,0.00,0.00,0.75,0.0012,0.0019,0.0032
0.15,0.05,0.80,0.00,0.00,0.2956,0.2611,0.0775
0.15,0.05,0.00,0.80,0.00,0.0007,0.0007,0.0011
0.15,0.05,0.00,0.00,0.80,0.0002,0.0007,0.0012
0.15,0.00,0.85,0.00,0.00,0.3058,0.2718,0.0749
0.15,0.00,0.80,0.05,0.00,0.2964,0.2557,0.0753
0.15,0.00,0.80,0.00,0.05,0.2196,0.1988,0.0684
0.15,0.00,0.75,0.10,0.00,0.2861,0.2547,0.0813
0.15,0.00,0.75,0.00,0.10,0.1502,0.1381,0.0643
0.15,0.00,0.70,0.15,0.00,0.2514,0.2300,0.0871
0.15,0.00,0.70,0.00,0.15,0.0944,0.0942,0.0467
0.15,0.00,0.65,0.20,0.00,0.2229,0.2113,0.0861
0.15,0.00,0.65,0.00,0.20,0.0673,0.0673,0.0431
0.15,0.00,0.60,0.25,0.00,0.2032,0.2006,0.0870
0.15,0.00,0.60,0.00,0.25,0.0422,0.0451,0.0305
0.15,0.00,0.55,0.30,0.00,0.1631,0.1693,0.0960
0.15,0.00,0.55,0.00,0.30,0.0220,0.0268,0.0249
0.15,0.00,0.50,0.35,0.00,0.1320,0.1509,0.0874
0.15,0.00,0.50,0.00,0.35,0.0141,0.0191,0.0165
0.15,0.00,0.45,0.40,0.00,0.1000,0.1300,0.0916
0.15,0.00,0.45,0.00,0.40,0.0082,0.0130,0.0120
0.15,0.00,0.40,0.45,0.00,0.0777,0.0960,0.0766
0.15,0.00,0.40,0.00,0.45,0.0052,0.0056,0.0088
0.15,0.00,0.35,0.50,0.00,0.0574,0.0720,0.0679
0.15,0.00,0.35,0.00,0.50,0.0030,0.0045,0.0050
0.15,0.00,0.30,0.55,0.00,0.0457,0.0509,0.0545
0.15,0.00,0.30,0.00,0.55,0.0018,0.0028,0.0043
0.15,0.00,0.25,0.60,0.00,0.0258,0.0329,0.0410
0.15,0.00,0.25,0.00,0.60,0.0022,0.0027,0.0027
0.15,0.00,0.20,0.65,0.00,0.0114,0.0217,0.0265
0.15,0.00,0.20,0.00,0.65,0.0010,0.0012,0.0017
0.15,0.00,0.15,0.70,0.00,0.0076,0.0099,0.0158
0.15,0.00,0.15,0.00,0.70,0.0004,0.0008,0.0004
0.15,0.00,0.10,0.75,0.00,0.0028,0.0035,0.0077
0.15,0.00,0.10,0.00,0.75,0.0001,0.0002,0.0007
0.15,0.00,0.05,0.80,0.00,0.0007,0.0011,0.0031
0.15,0.00,0.05,0.00,0.80,0.0004,0.0003,0.0007
0.15,0.00,0.00,0.85,0.00,0.0000,0.0001,0.0003
0.15,0.00,0.00,0.80,0.05,0.0002,0.0003,0.0000
0.15,0.00,0.00,0.75,0.10,0.0000,0.0001,0.0000
0.15,0.00,0.00,0.70,0.15,0.0001,0.0000,0.0001
0.15,0.00,0.00,0.65,0.20,0.0000,0.0002,0.0000
0.15,0.00,0.00,0.60,0.25,0.0000,0.0005,0.0000
0.15,0.00,0.00,0.55,0.30,0.0001,0.0004,0.0001
0.15,0.00,0.00,0.50,0.35,0.0000,0.0001,0.0002
0.15,0.00,0.00,0.45,0.40,0.0000,0.0002,0.0000
0.15,0.00,0.00,0.40,0.45,0.0000,0.0000,0.0002
0.15,0.00,0.00,0.35,0.50,0.0000,0.0003,0.0007
0.15,0.00,0.00,0.30,0.55,0.0000,0.0002,0.0000
0.15,0.00,0.00,0.25,0.60,0.0000,0.0002,0.0003
0.15,0.00,0.00,0.20,0.65,0.0002,0.0001,0.0001
0.15,0.00,0.00,0.15,0.70,0.0000,0.0000,0.0004
0.15,0.00,0.00,0.10,0.75,0.0000,0.0001,0.0001
0.15,0.00,0.00,0.05,0.80,0.0000,0.0001,0.0001
0.15,0.00,0.00,0.00,0.85,0.0000,0.0000,0.0003
0.10,0.90,0.00,0.00,0.00,0.0000,0.0000,0.0000
0.10,0.85,0.05,0.00,0.00,0.0182,0.0279,0.0094
0.10,0.85,0.00,0.05,0.00,0.0156,0.0242,0.0370
0.10,0.85,0.00,0.00,0.05,0.0138,0.0225,0.0361
0.10,0.80,0.10,0.00,0.00,0.0425,0.0549,0.0178
0.10,0.80,0.00,0.10,0.00,0.0235,0.0419,0.0579
0.10,0.80,0.00,0.00,0.10,0.0244,0.0346,0.0572
0.10,0.75,0.15,0.00,0.00,0.0620,0.0783,0.0277
0.10,0.75,0.00,0.15,0.00,0.0297,0.0468,0.0712
0.10,0.75,0.00,0.00,0.15,0.0288,0.0473,0.0667
0.10,0.70,0.20,0.00,0.00,0.0879,0.0958,0.0330
0.10,0.70,0.00,0.20,0.00,0.0308,0.0591,0.0813
0.10,0.70,0.00,0.00,0.20,0.0257,0.0550,0.0742
0.10,0.65,0.25,0.00,0.00,0.1053,0.1136,0.0360
0.10,0.65,0.00,0.25,0.00,0.0391,0.0548,0.0798
0.10,0.65,0.00,0.00,0.25,0.0250,0.0501,0.0727
0.10,0.60,0.30,0.00,0.00,0.1271,0.1328,0.0415
0.10,0.60,0.00,0.30,0.00,0.0358,0.0562,0.0776
0.10,0.60,0.00,0.00,0.30,0.0255,0.0462,0.0662
0.10,0.55,0.35,0.00,0.00,0.1489,0.1545,0.0462
0.10,0.55,0.00,0.35,0.00,0.0300,0.0520,0.0785
0.10,0.55,0.00,0.00,0.35,0.0220,0.0414,0.0613
0.10,0.50,0.40,0.00,0.00,0.1691,0.1689,0.0446
0.10,0.50,0.00,0.40,0.00,0.0291,0.0500,0.0751
0.10,0.50,0.00,0.00,0.40,0.0215,0.0338,0.0503
0.10,0.45,0.45,0.00,0.00,0.1824,0.1719,0.0508
0.10,0.45,0.00,0.45,0.00,0.0306,0.0519,0.0689
0.10,0.45,0.00,0.00,0.45,0.0127,0.0250,0.0436
0.10,0.40,0.50,0.00,0.00,0.2112,0.1868,0.0516
0.10,0.40,0.00,0.50,0.00,0.0223,0.0416,0.0549
0.10,0.40,0.00,0.00,0.50,0.0114,0.0210,0.0310
0.10,0.35,0.55,0.00,0.00,0.2243,0.2033,0.0500
0.10,0.35,0.00,0.55,0.00,0.0198,0.0339,0.0525
0.10,0.35,0.00,0.00,0.55,0.0090,0.0121,0.0233
0.10,0.30,0.60,0.00,0.00,0.2421,0.2122,0.0587
0.10,0.30,0.00,0.60,0.00,0.0178,0.0282,0.0437
0.10,0.30,0.00,0.00,0.60,0.0053,0.0097,0.0167
0.10,0.25,0.65,0.00,0.00,0.2581,0.2280,0.0604
0.10,0.25,0.00,0.65,0.00,0.0110,0.0193,0.0307
0.10,0.25,0.00,0.00,0.65,0.0037,0.0056,0.0127
0.10,0.20,0.70,0.00,0.00,0.2640,0.2359,0.0604
0.10,0.20,0.00,0.70,0.00,0.0074,0.0127,0.0190
0.10,0.20,0.00,0.00,0.70,0.0030,0.0043,0.0069
0.10,0.15,0.75,0.00,0.00,0.2842,0.2521,0.0714
0.10,0.15,0.00,0.75,0.00,0.0049,0.0067,0.0129
0.10,0.15,0.00,0.00,0.75,0.0017,0.0019,0.0046
0.10,0.10,0.80,0.00,0.00,0.2953,0.2574,0.0752
0.10,0.10,0.00,0.80,0.00,0.0022,0.0039,0.0066
0.10,0.10,0.00,0.00,0.80,0.0010,0.0013,0.0040
0.10,0.05,0.85,0.00,0.00,0.2989,0.2650,0.0704
0.10,0.05,0.00,0.85,0.00,0.0004,0.0005,0.0020
0.10,0.05,0.00,0.00,0.85,0.0006,0.0009,0.0008
0.10,0.00,0.90,0.00,0.00,0.3176,0.2546,0.0773
0.10,0.00,0.85,0.05,0.00,0.3058,0.2677,0.0803
0.10,0.00,0.85,0.00,0.05,0.2165,0.1973,0.0594
0.10,0.00,0.80,0.10,0.00,0.2919,0.2407,0.0715
0.10,0.00,0.80,0.00,0.10,0.1456,0.1473,0.0521
0.10,0.00,0.75,0.15,0.00,0.2630,0.2303,0.0724
0.10,0.00,0.75,0.00,0.15,0.1005,0.0930,0.0462
0.10,0.00,0.70,0.20,0.00,0.2420,0.2167,0.0769
0.10,0.00,0.70,0.00,0.20,0.0639,0.0723,0.0411
0.10,0.00,0.65,0.25,0.00,0.2064,0.1910,0.0734
0.10,0.00,0.65,0.00,0.25,0.0397,0.0460,0.0292
0.10,0.00,0.60,0.30,0.00,0.1643,0.1722,0.0810
0.10,0.00,0.60,0.00,0.30,0.0284,0.0301,0.0222
0.10,0.00,0.55,0.35,0.00,0.1370,0.1441,0.0822
0.10,0.00,0.55,0.00,0.35,0.0153,0.0205,0.0151
0.10,0.00,0.50,0.40,0.00,0.1040,0.1244,0.0766
0.10,0.00,0.50,0.00,0.40,0.0085,0.0115,0.0096
0.10,0.00,0.45,0.45,0.00,0.0787,0.0998,0.0754
0.10,0.00,0.45,0.00,0.45,0.0061,0.0070,0.0093
0.10,0.00,0.40,0.50,0.00,0.0632,0.0715,0.0642
0.10,0.00,0.40,0.00,0.50,0.0024,0.0049,0.0062
0.10,0.00,0.35,0.55,0.00,0.0384,0.0525,0.0529
0.10,0.00,0.35,0.00,0.55,0.0026,0.0037,0.0036
0.10,0.00,0.30,0.60,0.00,0.0249,0.0407,0.0404
0.10,0.00,0.30,0.00,0.60,0.0009,0.0020,0.0020
0.10,0.00,0.25,0.65,0.00,0.0153,0.0214,0.0277
0.10,0.00,0.25,0.00,0.65,0.0015,0.0013,0.0023
0.10,0.00,0.20,0.70,0.00,0.0079,0.0120,0.0174
0.10,0.00,0.20,0.00,0.70,0.0009,0.0007,0.0017
0.10,0.00,0.15,0.75,0.00,0.0043,0.0049,0.0110
0.10,0.00,0.15,0.00,0.75,0.0004,0.0005,0.0009
0.10,0.00,0.10,0.80,0.00,0.0008,0.0025,0.0042
0.10,0.00,0.10,0.00,0.80,0.0000,0.0001,0.0000
0.10,0.00,0.05,0.85,0.00,0.0004,0.0003,0.0011
0.10,0.00,0.05,0.00,0.85,0.0000,0.0000,0.0000
0.10,0.00,0.00,0.90,0.00,0.0000,0.0000,0.0000
0.10,0.00,0.00,0.85,0.05,0.0000,0.0000,0.0000
0.10,0.00,0.00,0.80,0.10,0.0001,0.0000,0.0000
0.10,0.00,0.00,0.75,0.15,0.0000,0.0000,0.0000
0.10,0.00,0.00,0.70,0.20,0.0000,0.0000,0.0001
0.10,0.00,0.00,0.65,0.25,0.0000,0.0000,0.0002
0.10,0.00,0.00,0.60,0.30,0.0000,0.0000,0.0000
0.10,0.00,0.00,0.55,0.35,0.0000,0.0001,0.0000
0.10,0.00,0.00,0.50,0.40,0.0000,0.0000,0.0001
0.10,0.00,0.00,0.45,0.45,0.0001,0.0001,0.0002
0.10,0.00,0.00,0.40,0.50,0.0000,0.0000,0.0001
0.10,0.00,0.00,0.35,0.55,0.0000,0.0000,0.0000
0.10,0.00,0.00,0.30,0.60,0.0001,0.0002,0.0002
0.10,0.00,0.00,0.25,0.65,0.0000,0.0000,0.0001
0.10,0.00,0.00,0.20,0.70,0.0000,0.0001,0.0000
0.10,0.00,0.00,0.15,0.75,0.0000,0.0000,0.0002
0.10,0.00,0.00,0.10,0.80,0.0000,0.0000,0.0000
0.10,0.00,0.00,0.05,0.85,0.0001,0.0000,0.0000
0.10,0.00,0.00,0.00,0.90,0.0000,0.0000,0.0000
0.05,0.95,0.00,0.00,0.00,0.0000,0.0000,0.0000
0.05,0.90,0.05,0.00,0.00,0.0183,0.0257,0.0054
0.05,0.90,0.00,0.05,0.00,0.0151,0.0241,0.0335
0.05,0.90,0.00,0.00,0.05,0.0127,0.0239,0.0354
0.05,0.85,0.10,0.00,0.00,0.0379,0.0547,0.0136
0.05,0.85,0.00,0.10,0.00,0.0230,0.0374,0.0558
0.05,0.85,0.00,0.00,0.10,0.0221,0.0416,0.0581
0.05,0.80,0.15,0.00,0.00,0.0614,0.0803,0.0184
0.05,0.80,0.00,0.15,0.00,0.0317,0.0568,0.0718
0.05,0.80,0.00,0.00,0.15,0.0284,0.0457,0.0689
0.05,0.75,0.20,0.00,0.00,0.0829,0.1015,0.0216
0.05,0.75,0.00,0.20,0.00,0.0302,0.0587,0.0840
0.05,0.75,0.00,0.00,0.20,0.0315,0.0523,0.0718
0.05,0.70,0.25,0.00,0.00,0.1052,0.1137,0.0281
0.05,0.70,0.00,0.25,0.00,0.0377,0.0599,0.0895
0.05,0.70,0.00,0.00,0.25,0.0312,0.0541,0.0770
0.05,0.65,0.30,0.00,0.00,0.1273,0.1266,0.0340
0.05,0.65,0.00,0.30,0.00,0.0336,0.0579,0.0838
0.05,0.65,0.00,0.00,0.30,0.0265,0.0469,0.0771
0.05,0.60,0.35,0.00,0.00,0.1498,0.1348,0.0380
0.05,0.60,0.00,0.35,0.00,0.0351,0.0568,0.0830
0.05,0.60,0.00,0.00,0.35,0.0274,0.0432,0.0605
0.05,0.55,0.40,0.00,0.00,0.1697,0.1566,0.0381
0.05,0.55,0.00,0.40,0.00,0.0336,0.0553,0.0801
0.05,0.55,0.00,0.00,0.40,0.0223,0.0327,0.0510
0.05,0.50,0.45,0.00,0.00,0.1828,0.1690,0.0464
0.05,0.50,0.00,0.45,0.00,0.0355,0.0522,0.0787
0.05,0.50,0.00,0.00,0.45,0.0173,0.0249,0.0392
0.05,0.45,0.50,0.00,0.00,0.2079,0.1905,0.0468
0.05,0.45,0.00,0.50,0.00,0.0242,0.0444,0.0706
0.05,0.45,0.00,0.00,0.50,0.0120,0.0184,0.0297
0.05,0.40,0.55,0.00,0.00,0.2164,0.1863,0.0511
0.05,0.40,0.00,0.55,0.00,0.0233,0.0436,0.0573
0.05,0.40,0.00,0.00,0.55,0.0099,0.0143,0.0222
0.05,0.35,0.60,0.00,0.00,0.2335,0.2081,0.0570
0.05,0.35,0.00,0.60,0.00,0.0255,0.0356,0.0585
0.05,0.35,0.00,0.00,0.60,0.0048,0.0101,0.0174
0.05,0.30,0.65,0.00,0.00,0.2526,0.2202,0.0620
0.05,0.30,0.00,0.65,0.00,0.0174,0.0280,0.0431
0.05,0.30,0.00,0.00,0.65,0.0050,0.0098,0.0139
0.05,0.25,0.70,0.00,0.00,0.2599,0.2243,0.0585
0.05,0.25,0.00,0.70,0.00,0.0111,0.0224,0.0333
0.05,0.25,0.00,0.00,0.70,0.0034,0.0068,0.0090
0.05,0.20,0.75,0.00,0.00,0.2780,0.2352,0.0657
0.05,0.20,0.00,0.75,0.00,0.0078,0.0165,0.0261
0.05,0.20,0.00,0.00,0.75,0.0038,0.0043,0.0102
0.05,0.15,0.80,0.00,0.00,0.2882,0.2367,0.0617
0.05,0.15,0.00,0.80,0.00,0.0053,0.0120,0.0154
0.05,0.15,0.00,0.00,0.80,0.0022,0.0040,0.0053
0.05,0.10,0.85,0.00,0.00,0.2986,0.2491,0.0656
0.05,0.10,0.00,0.85,0.00,0.0044,0.0062,0.0111
0.05,0.10,0.00,0.00,0.85,0.0016,0.0028,0.0053
0.05,0.05,0.90,0.00,0.00,0.3068,0.2547,0.0690
0.05,0.05,0.00,0.90,0.00,0.0011,0.0024,0.0029
0.05,0.05,0.00,0.00,0.90,0.0006,0.0003,0.0018
0.05,0.00,0.95,0.00,0.00,0.3116,0.2571,0.0771
0.05,0.00,0.90,0.05,0.00,0.3151,0.2586,0.0691
0.05,0.00,0.90,0.00,0.05,0.2215,0.1863,0.0569
0.05,0.00,0.85,0.10,0.00,0.2876,0.2479,0.0636
0.05,0.00,0.85,0.00,0.10,0.1576,0.1427,0.0406
0.05,0.00,0.80,0.15,0.00,0.2745,0.2254,0.0697
0.05,0.00,0.80,0.00,0.15,0.1068,0.0915,0.0367
0.05,0.00,0.75,0.20,0.00,0.2454,0.1956,0.0636
0.05,0.00,0.75,0.00,0.20,0.0614,0.0685,0.0304
0.05,0.00,0.70,0.25,0.00,0.2077,0.1928,0.0640
0.05,0.00,0.70,0.00,0.25,0.0422,0.0417,0.0225
0.05,0.00,0.65,0.30,0.00,0.1733,0.1626,0.0708
0.05,0.00,0.65,0.00,0.30,0.0236,0.0302,0.0163
0.05,0.00,0.60,0.35,0.00,0.1416,0.1439,0.0679
0.05,0.00,0.60,0.00,0.35,0.0138,0.0186,0.0140
0.05,0.00,0.55,0.40,0.00,0.1073,0.1190,0.0618
0.05,0.00,0.55,0.00,0.40,0.0107,0.0138,0.0110
0.05,0.00,0.50,0.45,0.00,0.0872,0.0969,0.0619
0.05,0.00,0.50,0.00,0.45,0.0067,0.0083,0.0072
0.05,0.00,0.45,0.50,0.00,0.0608,0.0768,0.0597
0.05,0.00,0.45,0.00,0.50,0.0040,0.0049,0.0064
0.05,0.00,0.40,0.55,0.00,0.0463,0.0551,0.0471
0.05,0.00,0.40,0.00,0.55,0.0035,0.0045,0.0054
0.05,0.00,0.35,0.60,0.00,0.0335,0.0387,0.0339
0.05,0.00,0.35,0.00,0.60,0.0020,0.0032,0.0058
0.05,0.00,0.30,0.65,0.00,0.0185,0.0246,0.0295
0.05,0.00,0.30,0.00,0.65,0.0018,0.0027,0.0025
0.05,0.00,0.25,0.70,0.00,0.0097,0.0117,0.0207
0.05,0.00,0.25,0.00,0.70,0.0005,0.0025,0.0027
0.05,0.00,0.20,0.75,0.00,0.0051,0.0076,0.0117
0.05,0.00,0.20,0.00,0.75,0.0004,0.0012,0.0019
0.05,0.00,0.15,0.80,0.00,0.0007,0.0029,0.0036
0.05,0.00,0.15,0.00,0.80,0.0004,0.0004,0.0006
0.05,0.00,0.10,0.85,0.00,0.0008,0.0012,0.0011
0.05,0.00,0.10,0.00,0.85,0.0000,0.0002,0.0001
0.05,0.00,0.05,0.90,0.00,0.0000,0.0005,0.0000
0.05,0.00,0.05,0.00,0.90,0.0000,0.0000,0.0000
0.05,0.00,0.00,0.95,0.00,0.0000,0.0000,0.0000
0.05,0.00,0.00,0.90,0.05,0.0000,0.0000,0.0000
0.05,0.00,0.00,0.85,0.10,0.0000,0.0000,0.0000
0.05,0.00,0.00,0.80,0.15,0.0000,0.0000,0.0000
0.05,0.00,0.00,0.75,0.20,0.0000,0.0000,0.0000
0.05,0.00,0.00,0.70,0.25,0.0000,0.0000,0.0000
0.05,0.00,0.00,0.65,0.30,0.0000,0.0000,0.0000
0.05,0.00,0.00,0.60,0.35,0.0000,0.0000,0.0001
0.05,0.00,0.00,0.55,0.40,0.0000,0.0000,0.0000
0.05,0.00,0.00,0.50,0.45,0.0000,0.0000,0.0001
0.05,0.00,0.00,0.45,0.50,0.0000,0.0000,0.0000
0.05,0.00,0.00,0.40,0.55,0.0000,0.0000,0.0000
0.05,0.00,0.00,0.35,0.60,0.0000,0.0000,0.0001
0.05,0.00,0.00,0.30,0.65,0.0000,0.0000,0.0000
0.05,0.00,0.00,0.25,0.70,0.0000,0.0000,0.0000
0.05,0.00,0.00,0.20,0.75,0.0000,0.0000,0.0000
0.05,0.00,0.00,0.15,0.80,0.0000,0.0000,0.0000
0.05,0.00,0.00,0.10,0.85,0.0000,0.0000,0.0000
0.05,0.00,0.00,0.05,0.90,0.0000,0.0000,0.0000
0.05,0.00,0.00,0.00,0.95,0.0000,0.0000,0.0000
0.00,1.00,0.00,0.00,0.00,0.0000,0.0000,0.0000
0.00,0.95,0.05,0.00,0.00,0.0192,0.0252,0.0002
0.00,0.95,0.00,0.05,0.00,0.0148,0.0247,0.0353
0.00,0.95,0.00,0.00,0.05,0.0142,0.0213,0.0330
0.00,0.90,0.10,0.00,0.00,0.0382,0.0512,0.0020
0.00,0.90,0.05,0.05,0.00,0.0335,0.0568,0.0404
0.00,0.90,0.05,0.00,0.05,0.0346,0.0493,0.0352
0.00,0.90,0.00,0.10,0.00,0.0227,0.0397,0.0600
0.00,0.90,0.00,0.05,0.05,0.0238,0.0344,0.0599
0.00,0.90,0.00,0.00,0.10,0.0236,0.0416,0.0547
0.00,0.85,0.15,0.00,0.00,0.0560,0.0693,0.0042
0.00,0.85,0.10,0.05,0.00,0.0518,0.0802,0.0493
0.00,0.85,0.10,0.00,0.05,0.0559,0.0730,0.0371
0.00,0.85,0.05,0.10,0.00,0.0446,0.0729,0.0661
0.00,0.85,0.05,0.00,0.10,0.0424,0.0618,0.0639
0.00,0.85,0.00,0.15,0.00,0.0323,0.0506,0.0758
0.00,0.85,0.00,0.10,0.05,0.0326,0.0482,0.0717
0.00,0.85,0.00,0.05,0.10,0.0279,0.0523,0.0729
0.00,0.85,0.00,0.00,0.15,0.0266,0.0509,0.0721
0.00,0.80,0.20,0.00,0.00,0.0860,0.0951,0.0076
0.00,0.80,0.15,0.05,0.00,0.0854,0.1000,0.0427
0.00,0.80,0.15,0.00,0.05,0.0771,0.0939,0.0385
0.00,0.80,0.10,0.10,0.00,0.0670,0.0997,0.0727
0.00,0.80,0.10,0.00,0.10,0.0618,0.0844,0.0628
0.00,0.80,0.05,0.15,0.00,0.0555,0.0858,0.0845
0.00,0.80,0.05,0.00,0.15,0.0503,0.0716,0.0714
0.00,0.80,0.00,0.20,0.00,0.0359,0.0545,0.0784
0.00,0.80,0.00,0.15,0.05,0.0300,0.0526,0.0802
0.00,0.80,0.00,0.10,0.10,0.0270,0.0524,0.0758
0.00,0.80,0.00,0.05,0.15,0.0313,0.0510,0.0769
0.00,0.80,0.00,0.00,0.20,0.0296,0.0485,0.0746
0.00,0.75,0.25,0.00,0.00,0.1017,0.1092,0.0159
0.00,0.75,0.20,0.05,0.00,0.1001,0.1249,0.0496
0.00,0.75,0.20,0.00,0.05,0.0952,0.1083,0.0419
0.00,0.75,0.15,0.10,0.00,0.0897,0.1243,0.0779
0.00,0.75,0.15,0.00,0.10,0.0894,0.1039,0.0687
0.00,0.75,0.10,0.15,0.00,0.0817,0.1088,0.0937
0.00,0.75,0.10,0.00,0.15,0.0724,0.0917,0.0781
0.00,0.75,0.05,0.20,0.00,0.0512,0.0868,0.0934
0.00,0.75,0.05,0.00,0.20,0.0502,0.0705,0.0793
0.00,0.75,0.00,0.25,0.00,0.0338,0.0618,0.0903
0.00,0.75,0.00,0.20,0.05,0.0376,0.0626,0.0880
0.00,0.75,0.00,0.15,0.10,0.0390,0.0616,0.0794
0.00,0.75,0.00,0.10,0.15,0.0317,0.0546,0.0826
0.00,0.75,0.00,0.05,0.20,0.0291,0.0559,0.0751
0.00,0.75,0.00,0.00,0.25,0.0283,0.0533,0.0687
0.00,0.70,0.30,0.00,0.00,0.1311,0.1213,0.0203
0.00,0.70,0.25,0.05,0.00,0.1268,0.1327,0.0517
0.00,0.70,0.25,0.00,0.05,0.1157,0.1193,0.0445
0.00,0.70,0.20,0.10,0.00,0.1201,0.1363,0.0770
0.00,0.70,0.20,0.00,0.10,0.0965,0.1068,0.0658
0.00,0.70,0.15,0.15,0.00,0.0947,0.1301,0.1032
0.00,0.70,0.15,0.00,0.15,0.0835,0.1058,0.0842
0.00,0.70,0.10,0.20,0.00,0.0777,0.1153,0.1019
0.00,0.70,0.10,0.00,0.20,0.0690,0.0859,0.0852
0.00,0.70,0.05,0.25,0.00,0.0615,0.0903,0.0969
0.00,0.70,0.05,0.00,0.25,0.0532,0.0734,0.0869
0.00,0.70,0.00,0.30,0.00,0.0417,0.0630,0.0828
0.00,0.70,0.00,0.25,0.05,0.0374,0.0675,0.0899
0.00,0.70,0.00,0.20,0.10,0.0349,0.0567,0.0859
0.00,0.70,0.00,0.15,0.15,0.0347,0.0567,0.0785
0.00,0.70,0.00,0.10,0.20,0.0304,0.0487,0.0787
0.00,0.70,0.00,0.05,0.25,0.0297,0.0510,0.0712
0.00,0.70,0.00,0.00,0.30,0.0288,0.0512,0.0687
0.00,0.65,0.35,0.00,0.00,0.1424,0.1290,0.0262
0.00,0.65,0.30,0.05,0.00,0.1439,0.1488,0.0525
0.00,0.65,0.30,0.00,0.05,0.1285,0.1300,0.0488
0.00,0.65,0.25,0.10,0.00,0.1355,0.1585,0.0755
0.00,0.65,0.25,0.00,0.10,0.1116,0.1177,0.0704
0.00,0.65,0.20,0.15,0.00,0.1174,0.1526,0.0909
0.00,0.65,0.20,0.00,0.15,0.1017,0.1155,0.0825
0.00,0.65,0.15,0.20,0.00,0.0989,0.1408,0.1051
0.00,0.65,0.15,0.00,0.20,0.0798,0.0992,0.0911
0.00,0.65,0.10,0.25,0.00,0.0830,0.1202,0.1132
0.00,0.65,0.10,0.00,0.25,0.0685,0.0874,0.0935
0.00,0.65,0.05,0.30,0.00,0.0611,0.0891,0.1090
0.00,0.65,0.05,0.00,0.30,0.0490,0.0613,0.0825
0.00,0.65,0.00,0.35,0.00,0.0384,0.0637,0.0870
0.00,0.65,0.00,0.30,0.05,0.0400,0.0682,0.0874
0.00,0.65,0.00,0.25,0.10,0.0377,0.0536,0.0859
0.00,0.65,0.00,0.20,0.15,0.0282,0.0513,0.0792
0.00,0.65,0.00,0.15,0.20,0.0332,0.0526,0.0751
0.00,0.65,0.00,0.10,0.25,0.0271,0.0441,0.0642
0.00,0.65,0.00,0.05,0.30,0.0253,0.0446,0.0667
0.00,0.65,0.00,0.00,0.35,0.0237,0.0413,0.0702
0.00,0.60,0.40,0.00,0.00,0.1666,0.1453,0.0356
0.00,0.60,0.35,0.05,0.00,0.1611,0.1685,0.0576
0.00,0.60,0.35,0.00,0.05,0.1422,0.1398,0.0532
0.00,0.60,0.30,0.10,0.00,0.1659,0.1705,0.0820
0.00,0.60,0.30,0.00,0.10,0.1298,0.1288,0.0824
0.00,0.60,0.25,0.15,0.00,0.1343,0.1632,0.0989
0.00,0.60,0.25,0.00,0.15,0.1135,0.1226,0.0887
0.00,0.60,0.20,0.20,0.00,0.1234,0.1582,0.1142
0.00,0.60,0.20,0.00,0.20,0.0974,0.1049,0.0919
0.00,0.60,0.15,0.25,0.00,0.0947,0.1403,0.1164
0.00,0.60,0.15,0.00,0.25,0.0763,0.0922,0.0947
0.00,0.60,0.10,0.30,0.00,0.0776,0.1188,0.1158
0.00,0.60,0.10,0.00,0.30,0.0522,0.0750,0.0862
0.00,0.60,0.05,0.35,0.00,0.0543,0.0848,0.1079
0.00,0.60,0.05,0.00,0.35,0.0344,0.0579,0.0797
0.00,0.60,0.00,0.40,0.00,0.0420,0.0633,0.0859
0.00,0.60,0.00,0.35,0.05,0.0350,0.0671,0.0855
0.00,0.60,0.00,0.30,0.10,0.0333,0.0581,0.0825
0.00,0.60,0.00,0.25,0.15,0.0296,0.0556,0.0687
0.00,0.60,0.00,0.20,0.20,0.0260,0.0467,0.0728
0.00,0.60,0.00,0.15,0.25,0.0210,0.0433,0.0660
0.00,0.60,0.00,0.10,0.30,0.0257,0.0382,0.0582
0.00,0.60,0.00,0.05,0.35,0.0190,0.0330,0.0540
0.00,0.60,0.00,0.00,0.40,0.0206,0.0338,0.0541
0.00,0.55,0.45,0.00,0.00,0.1855,0.1594,0.0394
0.00,0.55,0.40,0.05,0.00,0.1812,0.1708,0.0615
0.00,0.55,0.40,0.00,0.05,0.1681,0.1408,0.0602
0.00,0.55,0.35,0.10,0.00,0.1790,0.1733,0.0833
0.00,0.55,0.35,0.00,0.10,0.1339,0.1460,0.0785
0.00,0.55,0.30,0.15,0.00,0.1531,0.1822,0.1018
0.00,0.55,0.30,0.00,0.15,0.1143,0.1332,0.0870
0.00,0.55,0.25,0.20,0.00,0.1351,0.1649,0.1084
0.00,0.55,0.25,0.00,0.20,0.0961,0.1219,0.0937
0.00,0.55,0.20,0.25,0.00,0.1142,0.1499,0.1224
0.00,0.55,0.20,0.00,0.25,0.0815,0.1038,0.0905
0.00,0.55,0.15,0.30,0.00,0.1035,0.1368,0.1272
0.00,0.55,0.15,0.00,0.30,0.0685,0.0841,0.0958
0.00,0.55,0.10,0.35,0.00,0.0711,0.0948,0.1205
0.00,0.55,0.10,0.00,0.35,0.0505,0.0720,0.0800
0.00,0.55,0.05,0.40,0.00,0.0518,0.0853,0.1004
0.00,0.55,0.05,0.00,0.40,0.0329,0.0481,0.0646
0.00,0.55,0.00,0.45,0.00,0.0348,0.0665,0.0864
0.00,0.55,0.00,0.40,0.05,0.0385,0.0628,0.0823
0.00,0.55,0.00,0.35,0.10,0.0362,0.0554,0.0766
0.00,0.55,0.00,0.30,0.15,0.0297,0.0467,0.0711
0.00,0.55,0.00,0.25,0.20,0.0297,0.0389,0.0575
0.00,0.55,0.00,0.20,0.25,0.0257,0.0427,0.0598
0.00,0.55,0.00,0.15,0.30,0.0210,0.0342,0.0518
0.00,0.55,0.00,0.10,0.35,0.0173,0.0348,0.0469
0.00,0.55,0.00,0.05,0.40,0.0156,0.0282,0.0475
0.00,0.55,0.00,0.00,0.45,0.0145,0.0256,0.0389
0.00,0.50,0.50,0.00,0.00,0.2024,0.1784,0.0452
0.00,0.50,0.45,0.05,0.00,0.1936,0.1829,0.0628
0.00,0.50,0.45,0.00,0.05,0.1751,0.1547,0.0632
0.00,0.50,0.40,0.10,0.00,0.1945,0.1919,0.0801
0.00,0.50,0.40,0.00,0.10,0.1447,0.1470,0.0829
0.00,0.50,0.35,0.15,0.00,0.1616,0.1844,0.0952
0.00,0.50,0.35,0.00,0.15,0.1253,0.1333,0.0965
0.00,0.50,0.30,0.20,0.00,0.1499,0.1807,0.1060
0.00,0.50,0.30,0.00,0.20,0.1069,0.1252,0.1007
0.00,0.50,0.25,0.25,0.00,0.1344,0.1663,0.1214
0.00,0.50,0.25,0.00,0.25,0.0782,0.1144,0.0972
0.00,0.50,0.20,0.30,0.00,0.1065,0.1394,0.1203
0.00,0.50,0.20,0.00,0.30,0.0787,0.0950,0.0946
0.00,0.50,0.15,0.35,0.00,0.0867,0.1171,0.1225
0.00,0.50,0.15,0.00,0.35,0.0484,0.0734,0.0885
0.00,0.50,0.10,0.40,0.00,0.0659,0.0948,0.1069
0.00,0.50,0.10,0.00,0.40,0.0411,0.0633,0.0742
0.00,0.50,0.05,0.45,0.00,0.0513,0.0802,0.1008
0.00,0.50,0.05,0.00,0.45,0.0231,0.0403,0.0585
0.00,0.50,0.00,0.50,0.00,0.0383,0.0573,0.0814
0.00,0.50,0.00,0.45,0.05,0.0442,0.0572,0.0827
0.00,0.50,0.00,0.40,0.10,0.0336,0.0494,0.0714
0.00,0.50,0.00,0.35,0.15,0.0303,0.0474,0.0635
0.00,0.50,0.00,0.30,0.20,0.0242,0.0374,0.0579
0.00,0.50,0.00,0.25,0.25,0.0203,0.0400,0.0571
0.00,0.50,0.00,0.20,0.30,0.0186,0.0335,0.0478
0.00,0.50,0.00,0.15,0.35,0.0161,0.0294,0.0438
0.00,0.50,0.00,0.10,0.40,0.0181,0.0222,0.0406
0.00,0.50,0.00,0.05,0.45,0.0117,0.0234,0.0336
0.00,0.50,0.00,0.00,0.50,0.0100,0.0200,0.0348
0.00,0.45,0.55,0.00,0.00,0.2118,0.1841,0.0451
0.00,0.45,0.50,0.05,0.00,0.2157,0.1940,0.0541
0.00,0.45,0.50,0.00,0.05,0.1866,0.1658,0.0730
0.00,0.45,0.45,0.10,0.00,0.2003,0.1964,0.0812
0.00,0.45,0.45,0.00,0.10,0.1466,0.1485,0.0820
0.00,0.45,0.40,0.15,0.00,0.1942,0.2030,0.0942
0.00,0.45,0.40,0.00,0.15,0.1270,0.1326,0.0953
0.00,0.45,0.35,0.20,0.00,0.1656,0.1898,0.1088
0.00,0.45,0.35,0.00,0.20,0.1111,0.1263,0.1022
0.00,0.45,0.30,0.25,0.00,0.1489,0.1749,0.1253
0.00,0.45,0.30,0.00,0.25,0.0922,0.1119,0.0928
0.00,0.45,0.25,0.30,0.00,0.1229,0.1605,0.1267
0.00,0.45,0.25,0.00,0.30,0.0742,0.0917,0.0961
0.00,0.45,0.20,0.35,0.00,0.0922,0.1366,0.1234
0.00,0.45,0.20,0.00,0.35,0.0570,0.0805,0.0829
0.00,0.45,0.15,0.40,0.00,0.0842,0.1138,0.1121
0.00,0.45,0.15,0.00,0.40,0.0459,0.0659,0.0750
0.00,0.45,0.10,0.45,0.00,0.0604,0.0913,0.1083
0.00,0.45,0.10,0.00,0.45,0.0328,0.0498,0.0601
0.00,0.45,0.05,0.50,0.00,0.0458,0.0694,0.0908
0.00,0.45,0.05,0.00,0.50,0.0178,0.0313,0.0401
0.00,0.45,0.00,0.55,0.00,0.0360,0.0536,0.0714
0.00,0.45,0.00,0.50,0.05,0.0289,0.0529,0.0725
0.00,0.45,0.00,0.45,0.10,0.0299,0.0444,0.0690
0.00,0.45,0.00,0.40,0.15,0.0261,0.0429,0.0647
0.00,0.45,0.00,0.35,0.20,0.0181,0.0411,0.0523
0.00,0.45,0.00,0.30,0.25,0.0185,0.0325,0.0461
0.00,0.45,0.00,0.25,0.30,0.0145,0.0312,0.0446
0.00,0.45,0.00,0.20,0.35,0.0122,0.0232,0.0376
0.00,0.45,0.00,0.15,0.40,0.0130,0.0251,0.0352
0.00,0.45,0.00,0.10,0.45,0.0115,0.0189,0.0316
0.00,0.45,0.00,0.05,0.50,0.0102,0.0172,0.0265
0.00,0.45,0.00,0.00,0.55,0.0066,0.0155,0.0223
0.00,0.40,0.60,0.00,0.00,0.2280,0.1995,0.0506
0.00,0.40,0.55,0.05,0.00,0.2327,0.2000,0.0591
0.00,0.40,0.55,0.00,0.05,0.1958,0.1853,0.0738
0.00,0.40,0.50,0.10,0.00,0.2217,0.2036,0.0805
0.00,0.40,0.50,0.00,0.10,0.1660,0.1625,0.0911
0.00,0.40,0.45,0.15,0.00,0.2137,0.2041,0.0912
0.00,0.40,0.45,0.00,0.15,0.1337,0.1470,0.0964
0.00,0.40,0.40,0.20,0.00,0.1892,0.1953,0.1034
0.00,0.40,0.40,0.00,0.20,0.1111,0.1319,0.0984
0.00,0.40,0.35,0.25,0.00,0.1579,0.1879,0.1143
0.00,0.40,0.35,0.00,0.25,0.0893,0.1132,0.0957
0.00,0.40,0.30,0.30,0.00,0.1349,0.1726,0.1226
0.00,0.40,0.30,0.00,0.30,0.0787,0.0993,0.0952
0.00,0.40,0.25,0.35,0.00,0.1063,0.1477,0.1239
0.00,0.40,0.25,0.00,0.35,0.0578,0.0790,0.0873
0.00,0.40,0.20,0.40,0.00,0.0904,0.1187,0.1192
0.00,0.40,0.20,0.00,0.40,0.0473,0.0641,0.0813
0.00,0.40,0.15,0.45,0.00,0.0697,0.0930,0.1077
0.00,0.40,0.15,0.00,0.45,0.0344,0.0530,0.0634
0.00,0.40,0.10,0.50,0.00,0.0518,0.0752,0.0959
0.00,0.40,0.10,0.00,0.50,0.0247,0.0345,0.0495
0.00,0.40,0.05,0.55,0.00,0.0375,0.0664,0.0795
0.00,0.40,0.05,0.00,0.55,0.0177,0.0221,0.0338
0.00,0.40,0.00,0.60,0.00,0.0280,0.0485,0.0628
0.00,0.40,0.00,0.55,0.05,0.0348,0.0480,0.0688
0.00,0.40,0.00,0.50,0.10,0.0274,0.0390,0.0676
0.00,0.40,0.00,0.45,0.15,0.0227,0.0369,0.0557
0.00,0.40,0.00,0.40,0.20,0.0181,0.0261,0.0427
0.00,0.40,0.00,0.35,0.25,0.0134,0.0322,0.0372
0.00,0.40,0.00,0.30,0.30,0.0132,0.0230,0.0360
0.00,0.40,0.00,0.25,0.35,0.0143,0.0233,0.0315
0.00,0.40,0.00,0.20,0.40,0.0122,0.0232,0.0286
0.00,0.40,0.00,0.15,0.45,0.0096,0.0173,0.0250
0.00,0.40,0.00,0.10,0.50,0.0062,0.0167,0.0265
0.00,0.40,0.00,0.05,0.55,0.0075,0.0150,0.0225
0.00,0.40,0.00,0.00,0.60,0.0056,0.0113,0.0198
0.00,0.35,0.65,0.00,0.00,0.2480,0.2077,0.0606
0.00,0.35,0.60,0.05,0.00,0.2508,0.2145,0.0640
0.00,0.35,0.60,0.00,0.05,0.2089,0.1934,0.0784
0.00,0.35,0.55,0.10,0.00,0.2352,0.2164,0.0773
0.00,0.35,0.55,0.00,0.10,0.1702,0.1711,0.0936
0.00,0.35,0.50,0.15,0.00,0.2241,0.2144,0.0896
0.00,0.35,0.50,0.00,0.15,0.1400,0.1541,0.0980
0.00,0.35,0.45,0.20,0.00,0.1958,0.1985,0.1014
0.00,0.35,0.45,0.00,0.20,0.1058,0.1305,0.1042
0.00,0.35,0.40,0.25,0.00,0.1733,0.1922,0.1055
0.00,0.35,0.40,0.00,0.25,0.0970,0.1110,0.1013
0.00,0.35,0.35,0.30,0.00,0.1509,0.1711,0.1202
0.00,0.35,0.35,0.00,0.30,0.0807,0.1006,0.0939
0.00,0.35,0.30,0.35,0.00,0.1231,0.1527,0.1140
0.00,0.35,0.30,0.00,0.35,0.0651,0.0775,0.0839
0.00,0.35,0.25,0.40,0.00,0.0996,0.1308,0.1196
0.00,0.35,0.25,0.00,0.40,0.0503,0.0657,0.0767
0.00,0.35,0.20,0.45,0.00,0.0784,0.1079,0.1066
0.00,0.35,0.20,0.00,0.45,0.0335,0.0528,0.0624
0.00,0.35,0.15,0.50,0.00,0.0609,0.0841,0.0970
0.00,0.35,0.15,0.00,0.50,0.0255,0.0336,0.0519
0.00,0.35,0.10,0.55,0.00,0.0384,0.0611,0.0861
0.00,0.35,0.10,0.00,0.55,0.0173,0.0295,0.0343
0.00,0.35,0.05,0.60,0.00,0.0308,0.0575,0.0733
0.00,0.35,0.05,0.00,0.60,0.0120,0.0178,0.0227
0.00,0.35,0.00,0.65,0.00,0.0285,0.0427,0.0594
0.00,0.35,0.00,0.60,0.05,0.0257,0.0406,0.0568
0.00,0.35,0.00,0.55,0.10,0.0201,0.0334,0.0510
0.00,0.35,0.00,0.50,0.15,0.0198,0.0338,0.0444
0.00,0.35,0.00,0.45,0.20,0.0191,0.0294,0.0380
0.00,0.35,0.00,0.40,0.25,0.0158,0.0254,0.0343
0.00,0.35,0.00,0.35,0.30,0.0131,0.0197,0.0308
0.00,0.35,0.00,0.30,0.35,0.0101,0.0164,0.0307
0.00,0.35,0.00,0.25,0.40,0.0083,0.0181,0.0259
0.00,0.35,0.00,0.20,0.45,0.0068,0.0127,0.0215
0.00,0.35,0.00,0.15,0.50,0.0065,0.0142,0.0180
0.00,0.35,0.00,0.10,0.55,0.0057,0.0120,0.0199
0.00,0.35,0.00,0.05,0.60,0.0061,0.0099,0.0134
0.00,0.35,0.00,0.00,0.65,0.0058,0.0091,0.0140
0.00,0.30,0.70,0.00,0.00,0.2646,0.2188,0.0593
0.00,0.30,0.65,0.05,0.00,0.2602,0.2265,0.0678
0.00,0.30,0.65,0.00,0.05,0.2136,0.2031,0.0827
0.00,0.30,0.60,0.10,0.00,0.2502,0.2318,0.0799
0.00,0.30,0.60,0.00,0.10,0.1622,0.1708,0.0946
0.00,0.30,0.55,0.15,0.00,0.2277,0.2028,0.0844
0.00,0.30,0.55,0.00,0.15,0.1378,0.1526,0.1028
0.00,0.30,0.50,0.20,0.00,0.2102,0.2108,0.0870
0.00,0.30,0.50,0.00,0.20,0.1157,0.1235,0.0983
0.00,0.30,0.45,0.25,0.00,0.1792,0.1910,0.1033
0.00,0.30,0.45,0.00,0.25,0.0888,0.1079,0.0953
0.00,0.30,0.40,0.30,0.00,0.1504,0.1742,0.1122
0.00,0.30,0.40,0.00,0.30,0.0728,0.0946,0.0895
0.00,0.30,0.35,0.35,0.00,0.1300,0.1534,0.1140
0.00,0.30,0.35,0.00,0.35,0.0581,0.0774,0.0838
0.00,0.30,0.30,0.40,0.00,0.1040,0.1297,0.1092
0.00,0.30,0.30,0.00,0.40,0.0455,0.0703,0.0737
0.00,0.30,0.25,0.45,0.00,0.0787,0.1143,0.1058
0.00,0.30,0.25,0.00,0.45,0.0372,0.0536,0.0587
0.00,0.30,0.20,0.50,0.00,0.0681,0.0883,0.1004
0.00,0.30,0.20,0.00,0.50,0.0260,0.0429,0.0489
0.00,0.30,0.15,0.55,0.00,0.0488,0.0691,0.0795
0.00,0.30,0.15,0.00,0.55,0.0185,0.0290,0.0435
0.00,0.30,0.10,0.60,0.00,0.0344,0.0538,0.0667
0.00,0.30,0.10,0.00,0.60,0.0126,0.0211,0.0254
0.00,0.30,0.05,0.65,0.00,0.0264,0.0380,0.0628
0.00,0.30,0.05,0.00,0.65,0.0063,0.0123,0.0180
0.00,0.30,0.00,0.70,0.00,0.0174,0.0347,0.0499
0.00,0.30,0.00,0.65,0.05,0.0181,0.0306,0.0502
0.00,0.30,0.00,0.60,0.10,0.0166,0.0259,0.0418
0.00,0.30,0.00,0.55,0.15,0.0171,0.0270,0.0381
0.00,0.30,0.00,0.50,0.20,0.0125,0.0257,0.0360
0.00,0.30,0.00,0.45,0.25,0.0094,0.0181,0.0281
0.00,0.30,0.00,0.40,0.30,0.0095,0.0157,0.0263
0.00,0.30,0.00,0.35,0.35,0.0077,0.0152,0.0233
0.00,0.30,0.00,0.30,0.40,0.0052,0.0127,0.0223
0.00,0.30,0.00,0.25,0.45,0.0055,0.0121,0.0150
0.00,0.30,0.00,0.20,0.50,0.0061,0.0101,0.0167
0.00,0.30,0.00,0.15,0.55,0.0036,0.0091,0.0148
0.00,0.30,0.00,0.10,0.60,0.0060,0.0106,0.0118
0.00,0.30,0.00,0.05,0.65,0.0044,0.0053,0.0123
0.00,0.30,0.00,0.00,0.70,0.0047,0.0065,0.0128
0.00,0.25,0.75,0.00,0.00,0.2724,0.2388,0.0596
0.00,0.25,0.70,0.05,0.00,0.2697,0.2296,0.0635
0.00,0.25,0.70,0.00,0.05,0.2064,0.2009,0.0811
0.00,0.25,0.65,0.10,0.00,0.2638,0.2287,0.0723
0.00,0.25,0.65,0.00,0.10,0.1719,0.1678,0.0907
0.00,0.25,0.60,0.15,0.00,0.2426,0.2198,0.0817
0.00,0.25,0.60,0.00,0.15,0.1388,0.1476,0.0893
0.00,0.25,0.55,0.20,0.00,0.2148,0.2117,0.0910
0.00,0.25,0.55,0.00,0.20,0.1046,0.1254,0.0962
0.00,0.25,0.50,0.25,0.00,0.1944,0.1926,0.0980
0.00,0.25,0.50,0.00,0.25,0.0900,0.1019,0.0873
0.00,0.25,0.45,0.30,0.00,0.1645,0.1775,0.0998
0.00,0.25,0.45,0.00,0.30,0.0665,0.0858,0.0857
0.00,0.25,0.40,0.35,0.00,0.1406,0.1586,0.1064
0.00,0.25,0.40,0.00,0.35,0.0604,0.0737,0.0803
0.00,0.25,0.35,0.40,0.00,0.1136,0.1396,0.1059
0.00,0.25,0.35,0.00,0.40,0.0439,0.0599,0.0642
0.00,0.25,0.30,0.45,0.00,0.0865,0.1048,0.1053
0.00,0.25,0.30,0.00,0.45,0.0333,0.0472,0.0594
0.00,0.25,0.25,0.50,0.00,0.0673,0.0929,0.0892
0.00,0.25,0.25,0.00,0.50,0.0244,0.0409,0.0488
0.00,0.25,0.20,0.55,0.00,0.0498,0.0706,0.0828
0.00,0.25,0.20,0.00,0.55,0.0180,0.0304,0.0380
0.00,0.25,0.15,0.60,0.00,0.0338,0.0564,0.0698
0.00,0.25,0.15,0.00,0.60,0.0157,0.0212,0.0293
0.00,0.25,0.10,0.65,0.00,0.0316,0.0460,0.0545
0.00,0.25,0.10,0.00,0.65,0.0070,0.0127,0.0225
0.00,0.25,0.05,0.70,0.00,0.0183,0.0345,0.0496
0.00,0.25,0.05,0.00,0.70,0.0054,0.0100,0.0138
0.00,0.25,0.00,0.75,0.00,0.0167,0.0292,0.0456
0.00,0.25,0.00,0.70,0.05,0.0187,0.0261,0.0371
0.00,0.25,0.00,0.65,0.10,0.0146,0.0245,0.0336
0.00,0.25,0.00,0.60,0.15,0.0137,0.0209,0.0303
0.00,0.25,0.00,0.55,0.20,0.0123,0.0178,0.0270
0.00,0.25,0.00,0.50,0.25,0.0089,0.0146,0.0201
0.00,0.25,0.00,0.45,0.30,0.0069,0.0100,0.0195
0.00,0.25,0.00,0.40,0.35,0.0075,0.0121,0.0168
0.00,0.25,0.00,0.35,0.40,0.0050,0.0086,0.0144
0.00,0.25,0.00,0.30,0.45,0.0041,0.0095,0.0131
0.00,0.25,0.00,0.25,0.50,0.0039,0.0086,0.0122
0.00,0.25,0.00,0.20,0.55,0.0052,0.0069,0.0109
0.00,0.25,0.00,0.15,0.60,0.0029,0.0061,0.0096
0.00,0.25,0.00,0.10,0.65,0.0040,0.0061,0.0091
0.00,0.25,0.00,0.05,0.70,0.0039,0.0034,0.0089
0.00,0.25,0.00,0.00,0.75,0.0047,0.0066,0.0130
0.00,0.20,0.80,0.00,0.00,0.2808,0.2465,0.0749
0.00,0.20,0.75,0.05,0.00,0.2842,0.2471,0.0686
0.00,0.20,0.75,0.00,0.05,0.2320,0.2087,0.0784
0.00,0.20,0.70,0.10,0.00,0.2741,0.2345,0.0807
0.00,0.20,0.70,0.00,0.10,0.1721,0.1678,0.0829
0.00,0.20,0.65,0.15,0.00,0.2568,0.2238,0.0718
0.00,0.20,0.65,0.00,0.15,0.1371,0.1410,0.0898
0.00,0.20,0.60,0.20,0.00,0.2369,0.2121,0.0817
0.00,0.20,0.60,0.00,0.20,0.1004,0.1125,0.0853
0.00,0.20,0.55,0.25,0.00,0.1998,0.2067,0.0942
0.00,0.20,0.55,0.00,0.25,0.0783,0.0977,0.0835
0.00,0.20,0.50,0.30,0.00,0.1717,0.1775,0.0969
0.00,0.20,0.50,0.00,0.30,0.0624,0.0864,0.0784
0.00,0.20,0.45,0.35,0.00,0.1435,0.1558,0.0963
0.00,0.20,0.45,0.00,0.35,0.0505,0.0651,0.0658
0.00,0.20,0.40,0.40,0.00,0.1121,0.1366,0.0981
0.00,0.20,0.40,0.00,0.40,0.0402,0.0568,0.0644
0.00,0.20,0.35,0.45,0.00,0.0911,0.1061,0.0963
0.00,0.20,0.35,0.00,0.45,0.0299,0.0481,0.0545
0.00,0.20,0.30,0.50,0.00,0.0659,0.0870,0.0831
0.00,0.20,0.30,0.00,0.50,0.0250,0.0334,0.0453
0.00,0.20,0.25,0.55,0.00,0.0501,0.0681,0.0771
0.00,0.20,0.25,0.00,0.55,0.0189,0.0290,0.0364
0.00,0.20,0.20,0.60,0.00,0.0407,0.0563,0.0599
0.00,0.20,0.20,0.00,0.60,0.0175,0.0197,0.0268
0.00,0.20,0.15,0.65,0.00,0.0244,0.0432,0.0502
0.00,0.20,0.15,0.00,0.65,0.0084,0.0147,0.0234
0.00,0.20,0.10,0.70,0.00,0.0175,0.0293,0.0479
0.00,0.20,0.10,0.00,0.70,0.0062,0.0112,0.0133
0.00,0.20,0.05,0.75,0.00,0.0170,0.0262,0.0372
0.00,0.20,0.05,0.00,0.75,0.0039,0.0074,0.0112
0.00,0.20,0.00,0.80,0.00,0.0128,0.0196,0.0309
0.00,0.20,0.00,0.75,0.05,0.0124,0.0211,0.0304
0.00,0.20,0.00,0.70,0.10,0.0096,0.0174,0.0259
0.00,0.20,0.00,0.65,0.15,0.0102,0.0152,0.0218
0.00,0.20,0.00,0.60,0.20,0.0062,0.0104,0.0173
0.00,0.20,0.00,0.55,0.25,0.0047,0.0089,0.0151
0.00,0.20,0.00,0.50,0.30,0.0062,0.0082,0.0113
0.00,0.20,0.00,0.45,0.35,0.0033,0.0069,0.0106
0.00,0.20,0.00,0.40,0.40,0.0039,0.0042,0.0094
0.00,0.20,0.00,0.35,0.45,0.0036,0.0060,0.0110
0.00,0.20,0.00,0.30,0.50,0.0030,0.0059,0.0085
0.00,0.20,0.00,0.25,0.55,0.0017,0.0078,0.0071
0.00,0.20,0.00,0.20,0.60,0.0022,0.0040,0.0083
0.00,0.20,0.00,0.15,0.65,0.0023,0.0044,0.0093
0.00,0.20,0.00,0.10,0.70,0.0038,0.0056,0.0066
0.00,0.20,0.00,0.05,0.75,0.0033,0.0052,0.0087
0.00,0.20,0.00,0.00,0.80,0.0036,0.0058,0.0143
0.00,0.15,0.85,0.00,0.00,0.2998,0.2524,0.0697
0.00,0.15,0.80,0.05,0.00,0.2957,0.2499,0.0746
0.00,0.15,0.80,0.00,0.05,0.2238,0.2039,0.0764
0.00,0.15,0.75,0.10,0.00,0.2730,0.2414,0.0603
0.00,0.15,0.75,0.00,0.10,0.1746,0.1677,0.0806
0.00,0.15,0.70,0.15,0.00,0.2614,0.2228,0.0761
0.00,0.15,0.70,0.00,0.15,0.1184,0.1286,0.0817
0.00,0.15,0.65,0.20,0.00,0.2416,0.2132,0.0805
0.00,0.15,0.65,0.00,0.20,0.0905,0.1067,0.0824
0.00,0.15,0.60,0.25,0.00,0.2075,0.1889,0.0872
0.00,0.15,0.60,0.00,0.25,0.0747,0.0899,0.0731
0.00,0.15,0.55,0.30,0.00,0.1698,0.1832,0.0856
0.00,0.15,0.55,0.00,0.30,0.0582,0.0757,0.0638
0.00,0.15,0.50,0.35,0.00,0.1385,0.1582,0.0972
0.00,0.15,0.50,0.00,0.35,0.0451,0.0564,0.0569
0.00,0.15,0.45,0.40,0.00,0.1229,0.1396,0.0921
0.00,0.15,0.45,0.00,0.40,0.0328,0.0503,0.0506
0.00,0.15,0.40,0.45,0.00,0.1026,0.1115,0.0910
0.00,0.15,0.40,0.00,0.45,0.0242,0.0410,0.0467
0.00,0.15,0.35,0.50,0.00,0.0739,0.0918,0.0816
0.00,0.15,0.35,0.00,0.50,0.0228,0.0364,0.0387
0.00,0.15,0.30,0.55,0.00,0.0510,0.0725,0.0742
0.00,0.15,0.30,0.00,0.55,0.0184,0.0242,0.0317
0.00,0.15,0.25,0.60,0.00,0.0374,0.0495,0.0643
0.00,0.15,0.25,0.00,0.60,0.0118,0.0198,0.0235
0.00,0.15,0.20,0.65,0.00,0.0259,0.0400,0.0503
0.00,0.15,0.20,0.00,0.65,0.0095,0.0122,0.0214
0.00,0.15,0.15,0.70,0.00,0.0166,0.0309,0.0412
0.00,0.15,0.15,0.00,0.70,0.0049,0.0075,0.0146
0.00,0.15,0.10,0.75,0.00,0.0125,0.0197,0.0343
0.00,0.15,0.10,0.00,0.75,0.0049,0.0048,0.0078
0.00,0.15,0.05,0.80,0.00,0.0099,0.0161,0.0242
0.00,0.15,0.05,0.00,0.80,0.0025,0.0057,0.0070
0.00,0.15,0.00,0.85,0.00,0.0112,0.0128,0.0252
0.00,0.15,0.00,0.80,0.05,0.0070,0.0105,0.0228
0.00,0.15,0.00,0.75,0.10,0.0080,0.0112,0.0151
0.00,0.15,0.00,0.70,0.15,0.0051,0.0081,0.0175
0.00,0.15,0.00,0.65,0.20,0.0048,0.0073,0.0114
0.00,0.15,0.00,0.60,0.25,0.0041,0.0064,0.0099
0.00,0.15,0.00,0.55,0.30,0.0018,0.0061,0.0082
0.00,0.15,0.00,0.50,0.35,0.0025,0.0052,0.0065
0.00,0.15,0.00,0.45,0.40,0.0026,0.0038,0.0051
0.00,0.15,0.00,0.40,0.45,0.0023,0.0041,0.0051
0.00,0.15,0.00,0.35,0.50,0.0014,0.0027,0.0051
0.00,0.15,0.00,0.30,0.55,0.0025,0.0029,0.0041
0.00,0.15,0.00,0.25,0.60,0.0012,0.0025,0.0040
0.00,0.15,0.00,0.20,0.65,0.0014,0.0029,0.0054
0.00,0.15,0.00,0.15,0.70,0.0013,0.0031,0.0053
0.00,0.15,0.00,0.10,0.75,0.0010,0.0043,0.0065
0.00,0.15,0.00,0.05,0.80,0.0013,0.0036,0.0060
0.00,0.15,0.00,0.00,0.85,0.0059,0.0074,0.0105
0.00,0.10,0.90,0.00,0.00,0.3104,0.2547,0.0688
0.00,0.10,0.85,0.05,0.00,0.3031,0.2422,0.0674
0.00,0.10,0.85,0.00,0.05,0.2185,0.2006,0.0670
0.00,0.10,0.80,0.10,0.00,0.2909,0.2416,0.0690
0.00,0.10,0.80,0.00,0.10,0.1642,0.1600,0.0709
0.00,0.10,0.75,0.15,0.00,0.2662,0.2289,0.0711
0.00,0.10,0.75,0.00,0.15,0.1192,0.1274,0.0689
0.00,0.10,0.70,0.20,0.00,0.2430,0.2159,0.0728
0.00,0.10,0.70,0.00,0.20,0.0839,0.0969,0.0597
0.00,0.10,0.65,0.25,0.00,0.2139,0.1992,0.0762
0.00,0.10,0.65,0.00,0.25,0.0637,0.0811,0.0547
0.00,0.10,0.60,0.30,0.00,0.1843,0.1778,0.0804
0.00,0.10,0.60,0.00,0.30,0.0468,0.0573,0.0494
0.00,0.10,0.55,0.35,0.00,0.1549,0.1572,0.0831
0.00,0.10,0.55,0.00,0.35,0.0367,0.0479,0.0451
0.00,0.10,0.50,0.40,0.00,0.1161,0.1348,0.0801
0.00,0.10,0.50,0.00,0.40,0.0270,0.0384,0.0418
0.00,0.10,0.45,0.45,0.00,0.0944,0.1087,0.0728
0.00,0.10,0.45,0.00,0.45,0.0237,0.0306,0.0384
0.00,0.10,0.40,0.50,0.00,0.0716,0.0914,0.0713
0.00,0.10,0.40,0.00,0.50,0.0151,0.0234,0.0349
0.00,0.10,0.35,0.55,0.00,0.0543,0.0695,0.0658
0.00,0.10,0.35,0.00,0.55,0.0128,0.0211,0.0263
0.00,0.10,0.30,0.60,0.00,0.0374,0.0512,0.0549
0.00,0.10,0.30,0.00,0.60,0.0101,0.0147,0.0226
0.00,0.10,0.25,0.65,0.00,0.0255,0.0349,0.0439
0.00,0.10,0.25,0.00,0.65,0.0087,0.0124,0.0182
0.00,0.10,0.20,0.70,0.00,0.0161,0.0257,0.0343
0.00,0.10,0.20,0.00,0.70,0.0055,0.0097,0.0130
0.00,0.10,0.15,0.75,0.00,0.0115,0.0187,0.0272
0.00,0.10,0.15,0.00,0.75,0.0035,0.0057,0.0070
0.00,0.10,0.10,0.80,0.00,0.0068,0.0130,0.0208
0.00,0.10,0.10,0.00,0.80,0.0022,0.0043,0.0054
0.00,0.10,0.05,0.85,0.00,0.0055,0.0127,0.0189
0.00,0.10,0.05,0.00,0.85,0.0013,0.0028,0.0041
0.00,0.10,0.00,0.90,0.00,0.0048,0.0087,0.0130
0.00,0.10,0.00,0.85,0.05,0.0047,0.0079,0.0090
0.00,0.10,0.00,0.80,0.10,0.0031,0.0068,0.0099
0.00,0.10,0.00,0.75,0.15,0.0026,0.0047,0.0086
0.00,0.10,0.00,0.70,0.20,0.0019,0.0033,0.0059
0.00,0.10,0.00,0.65,0.25,0.0018,0.0044,0.0056
0.00,0.10,0.00,0.60,0.30,0.0018,0.0009,0.0056
0.00,0.10,0.00,0.55,0.35,0.0006,0.0028,0.0029
0.00,0.10,0.00,0.50,0.40,0.0011,0.0020,0.0043
0.00,0.10,0.00,0.45,0.45,0.0008,0.0010,0.0019
0.00,0.10,0.00,0.40,0.50,0.0011,0.0015,0.0029
0.00,0.10,0.00,0.35,0.55,0.0005,0.0014,0.0027
0.00,0.10,0.00,0.30,0.60,0.0003,0.0020,0.0018
0.00,0.10,0.00,0.25,0.65,0.0013,0.0017,0.0020
0.00,0.10,0.00,0.20,0.70,0.0004,0.0019,0.0030
0.00,0.10,0.00,0.15,0.75,0.0008,0.0011,0.0029
0.00,0.10,0.00,0.10,0.80,0.0003,0.0021,0.0030
0.00,0.10,0.00,0.05,0.85,0.0019,0.0031,0.0048
0.00,0.10,0.00,0.00,0.90,0.0020,0.0037,0.0099
0.00,0.05,0.95,0.00,0.00,0.3233,0.2514,0.0670
0.00,0.05,0.90,0.05,0.00,0.3068,0.2546,0.0699
0.00,0.05,0.90,0.00,0.05,0.2290,0.2003,0.0664
0.00,0.05,0.85,0.10,0.00,0.2884,0.2358,0.0701
0.00,0.05,0.85,0.00,0.10,0.1622,0.1480,0.0506
0.00,0.05,0.80,0.15,0.00,0.2672,0.2243,0.0702
0.00,0.05,0.80,0.00,0.15,0.1137,0.1092,0.0585
0.00,0.05,0.75,0.20,0.00,0.2421,0.2084,0.0661
0.00,0.05,0.75,0.00,0.20,0.0760,0.0827,0.0489
0.00,0.05,0.70,0.25,0.00,0.2196,0.1932,0.0655
0.00,0.05,0.70,0.00,0.25,0.0525,0.0615,0.0372
0.00,0.05,0.65,0.30,0.00,0.1797,0.1803,0.0770
0.00,0.05,0.65,0.00,0.30,0.0363,0.0466,0.0368
0.00,0.05,0.60,0.35,0.00,0.1490,0.1443,0.0684
0.00,0.05,0.60,0.00,0.35,0.0269,0.0295,0.0327
0.00,0.05,0.55,0.40,0.00,0.1195,0.1304,0.0687
0.00,0.05,0.55,0.00,0.40,0.0232,0.0291,0.0289
0.00,0.05,0.50,0.45,0.00,0.0913,0.1091,0.0691
0.00,0.05,0.50,0.00,0.45,0.0125,0.0241,0.0239
0.00,0.05,0.45,0.50,0.00,0.0722,0.0866,0.0630
0.00,0.05,0.45,0.00,0.50,0.0115,0.0161,0.0219
0.00,0.05,0.40,0.55,0.00,0.0476,0.0656,0.0598
0.00,0.05,0.40,0.00,0.55,0.0087,0.0148,0.0176
0.00,0.05,0.35,0.60,0.00,0.0334,0.0481,0.0472
0.00,0.05,0.35,0.00,0.60,0.0079,0.0133,0.0161
0.00,0.05,0.30,0.65,0.00,0.0234,0.0347,0.0371
0.00,0.05,0.30,0.00,0.65,0.0060,0.0083,0.0120
0.00,0.05,0.25,0.70,0.00,0.0149,0.0197,0.0276
0.00,0.05,0.25,0.00,0.70,0.0049,0.0070,0.0096
0.00,0.05,0.20,0.75,0.00,0.0100,0.0133,0.0180
0.00,0.05,0.20,0.00,0.75,0.0036,0.0043,0.0060
0.00,0.05,0.15,0.80,0.00,0.0046,0.0079,0.0103
0.00,0.05,0.15,0.00,0.80,0.0010,0.0029,0.0030
0.00,0.05,0.10,0.85,0.00,0.0037,0.0052,0.0075
0.00,0.05,0.10,0.00,0.85,0.0016,0.0011,0.0039
0.00,0.05,0.05,0.90,0.00,0.0018,0.0040,0.0057
0.00,0.05,0.05,0.00,0.90,0.0006,0.0016,0.0023
0.00,0.05,0.00,0.95,0.00,0.0012,0.0034,0.0058
0.00,0.05,0.00,0.90,0.05,0.0013,0.0021,0.0034
0.00,0.05,0.00,0.85,0.10,0.0016,0.0014,0.0038
0.00,0.05,0.00,0.80,0.15,0.0007,0.0015,0.0021
0.00,0.05,0.00,0.75,0.20,0.0004,0.0014,0.0015
0.00,0.05,0.00,0.70,0.25,0.0005,0.0006,0.0018
0.00,0.05,0.00,0.65,0.30,0.0000,0.0008,0.0006
0.00,0.05,0.00,0.60,0.35,0.0004,0.0005,0.0010
0.00,0.05,0.00,0.55,0.40,0.0000,0.0003,0.0009
0.00,0.05,0.00,0.50,0.45,0.0003,0.0001,0.0009
0.00,0.05,0.00,0.45,0.50,0.0002,0.0002,0.0007
0.00,0.05,0.00,0.40,0.55,0.0004,0.0005,0.0006
0.00,0.05,0.00,0.35,0.60,0.0000,0.0008,0.0006
0.00,0.05,0.00,0.30,0.65,0.0003,0.0005,0.0010
0.00,0.05,0.00,0.25,0.70,0.0001,0.0001,0.0009
0.00,0.05,0.00,0.20,0.75,0.0000,0.0006,0.0010
0.00,0.05,0.00,0.15,0.80,0.0006,0.0005,0.0005
0.00,0.05,0.00,0.10,0.85,0.0002,0.0003,0.0010
0.00,0.05,0.00,0.05,0.90,0.0007,0.0008,0.0020
0.00,0.05,0.00,0.00,0.95,0.0015,0.0020,0.0039
0.00,0.00,1.00,0.00,0.00,0.3211,0.2584,0.0662
0.00,0.00,0.95,0.05,0.00,0.3109,0.2581,0.0681
0.00,0.00,0.95,0.00,0.05,0.2215,0.1801,0.0533
0.00,0.00,0.90,0.10,0.00,0.2973,0.2373,0.0628
0.00,0.00,0.90,0.05,0.05,0.2142,0.1768,0.0588
0.00,0.00,0.90,0.00,0.10,0.1519,0.1396,0.0362
0.00,0.00,0.85,0.15,0.00,0.2737,0.2127,0.0615
0.00,0.00,0.85,0.10,0.05,0.2018,0.1787,0.0468
0.00,0.00,0.85,0.05,0.10,0.1459,0.1267,0.0401
0.00,0.00,0.85,0.00,0.15,0.1001,0.0876,0.0306
0.00,0.00,0.80,0.20,0.00,0.2401,0.2058,0.0557
0.00,0.00,0.80,0.15,0.05,0.1822,0.1621,0.0486
0.00,0.00,0.80,0.10,0.10,0.1471,0.1235,0.0415
0.00,0.00,0.80,0.05,0.15,0.0982,0.0919,0.0328
0.00,0.00,0.80,0.00,0.20,0.0732,0.0667,0.0291
0.00,0.00,0.75,0.25,0.00,0.2178,0.1882,0.0557
0.00,0.00,0.75,0.20,0.05,0.1697,0.1492,0.0482
0.00,0.00,0.75,0.15,0.10,0.1174,0.1111,0.0384
0.00,0.00,0.75,0.10,0.15,0.0979,0.0912,0.0354
0.00,0.00,0.75,0.05,0.20,0.0613,0.0653,0.0259
0.00,0.00,0.75,0.00,0.25,0.0435,0.0442,0.0182
0.00,0.00,0.70,0.30,0.00,0.1780,0.1706,0.0554
0.00,0.00,0.70,0.25,0.05,0.1340,0.1276,0.0467
0.00,0.00,0.70,0.20,0.10,0.1040,0.1047,0.0434
0.00,0.00,0.70,0.15,0.15,0.0716,0.0786,0.0331
0.00,0.00,0.70,0.10,0.20,0.0604,0.0607,0.0276
0.00,0.00,0.70,0.05,0.25,0.0447,0.0422,0.0199
0.00,0.00,0.70,0.00,0.30,0.0254,0.0320,0.0137
0.00,0.00,0.65,0.35,0.00,0.1506,0.1392,0.0603
0.00,0.00,0.65,0.30,0.05,0.1139,0.1129,0.0466
0.00,0.00,0.65,0.25,0.10,0.0912,0.0866,0.0381
0.00,0.00,0.65,0.20,0.15,0.0672,0.0676,0.0347
0.00,0.00,0.65,0.15,0.20,0.0495,0.0501,0.0245
0.00,0.00,0.65,0.10,0.25,0.0388,0.0398,0.0209
0.00,0.00,0.65,0.05,0.30,0.0247,0.0302,0.0151
0.00,0.00,0.65,0.00,0.35,0.0180,0.0215,0.0133
0.00,0.00,0.60,0.40,0.00,0.1159,0.1151,0.0559
0.00,0.00,0.60,0.35,0.05,0.0946,0.0959,0.0482
0.00,0.00,0.60,0.30,0.10,0.0789,0.0759,0.0361
0.00,0.00,0.60,0.25,0.15,0.0559,0.0614,0.0356
0.00,0.00,0.60,0.20,0.20,0.0420,0.0480,0.0283
0.00,0.00,0.60,0.15,0.25,0.0307,0.0335,0.0187
0.00,0.00,0.60,0.10,0.30,0.0217,0.0257,0.0161
0.00,0.00,0.60,0.05,0.35,0.0154,0.0186,0.0126
0.00,0.00,0.60,0.00,0.40,0.0104,0.0115,0.0102
0.00,0.00,0.55,0.45,0.00,0.0944,0.0956,0.0557
0.00,0.00,0.55,0.40,0.05,0.0710,0.0771,0.0474
0.00,0.00,0.55,0.35,0.10,0.0581,0.0633,0.0379
0.00,0.00,0.55,0.30,0.15,0.0483,0.0501,0.0336
0.00,0.00,0.55,0.25,0.20,0.0326,0.0388,0.0245
0.00,0.00,0.55,0.20,0.25,0.0284,0.0257,0.0190
0.00,0.00,0.55,0.15,0.30,0.0191,0.0221,0.0155
0.00,0.00,0.55,0.10,0.35,0.0135,0.0127,0.0106
0.00,0.00,0.55,0.05,0.40,0.0100,0.0136,0.0099
0.00,0.00,0.55,0.00,0.45,0.0085,0.0070,0.0079
0.00,0.00,0.50,0.50,0.00,0.0721,0.0708,0.0466
0.00,0.00,0.50,0.45,0.05,0.0527,0.0628,0.0400
0.00,0.00,0.50,0.40,0.10,0.0420,0.0533,0.0346
0.00,0.00,0.50,0.35,0.15,0.0406,0.0372,0.0303
0.00,0.00,0.50,0.30,0.20,0.0270,0.0271,0.0238
0.00,0.00,0.50,0.25,0.25,0.0220,0.0195,0.0176
0.00,0.00,0.50,0.20,0.30,0.0175,0.0156,0.0136
0.00,0.00,0.50,0.15,0.35,0.0107,0.0108,0.0092
0.00,0.00,0.50,0.10,0.40,0.0077,0.0103,0.0081
0.00,0.00,0.50,0.05,0.45,0.0067,0.0077,0.0079
0.00,0.00,0.50,0.00,0.50,0.0046,0.0085,0.0074
0.00,0.00,0.45,0.55,0.00,0.0475,0.0560,0.0390
0.00,0.00,0.45,0.50,0.05,0.0372,0.0434,0.0382
0.00,0.00,0.45,0.45,0.10,0.0296,0.0327,0.0280
0.00,0.00,0.45,0.40,0.15,0.0206,0.0308,0.0238
0.00,0.00,0.45,0.35,0.20,0.0176,0.0219,0.0205
0.00,0.00,0.45,0.30,0.25,0.0142,0.0189,0.0145
0.00,0.00,0.45,0.25,0.30,0.0109,0.0133,0.0134
0.00,0.00,0.45,0.20,0.35,0.0102,0.0117,0.0094
0.00,0.00,0.45,0.15,0.40,0.0055,0.0062,0.0071
0.00,0.00,0.45,0.10,0.45,0.0038,0.0060,0.0071
0.00,0.00,0.45,0.05,0.50,0.0043,0.0047,0.0084
0.00,0.00,0.45,0.00,0.55,0.0036,0.0077,0.0081
0.00,0.00,0.40,0.60,0.00,0.0287,0.0410,0.0319
0.00,0.00,0.40,0.55,0.05,0.0229,0.0306,0.0326
0.00,0.00,0.40,0.50,0.10,0.0192,0.0262,0.0230
0.00,0.00,0.40,0.45,0.15,0.0173,0.0189,0.0187
0.00,0.00,0.40,0.40,0.20,0.0119,0.0195,0.0138
0.00,0.00,0.40,0.35,0.25,0.0094,0.0133,0.0137
0.00,0.00,0.40,0.30,0.30,0.0074,0.0093,0.0088
0.00,0.00,0.40,0.25,0.35,0.0040,0.0075,0.0087
0.00,0.00,0.40,0.20,0.40,0.0042,0.0053,0.0044
0.00,0.00,0.40,0.15,0.45,0.0030,0.0041,0.0055
0.00,0.00,0.40,0.10,0.50,0.0045,0.0047,0.0069
0.00,0.00,0.40,0.05,0.55,0.0032,0.0045,0.0054
0.00,0.00,0.40,0.00,0.60,0.0025,0.0070,0.0058
0.00,0.00,0.35,0.65,0.00,0.0204,0.0247,0.0281
0.00,0.00,0.35,0.60,0.05,0.0167,0.0221,0.0246
0.00,0.00,0.35,0.55,0.10,0.0118,0.0160,0.0187
0.00,0.00,0.35,0.50,0.15,0.0114,0.0124,0.0140
0.00,0.00,0.35,0.45,0.20,0.0111,0.0099,0.0089
0.00,0.00,0.35,0.40,0.25,0.0058,0.0093,0.0074
0.00,0.00,0.35,0.35,0.30,0.0052,0.0072,0.0064
0.00,0.00,0.35,0.30,0.35,0.0040,0.0044,0.0051
0.00,0.00,0.35,0.25,0.40,0.0019,0.0041,0.0051
0.00,0.00,0.35,0.20,0.45,0.0017,0.0042,0.0036
0.00,0.00,0.35,0.15,0.50,0.0023,0.0024,0.0040
0.00,0.00,0.35,0.10,0.55,0.0018,0.0033,0.0041
0.00,0.00,0.35,0.05,0.60,0.0021,0.0041,0.0057
0.00,0.00,0.35,0.00,0.65,0.0023,0.0051,0.0055
0.00,0.00,0.30,0.70,0.00,0.0110,0.0158,0.0168
0.00,0.00,0.30,0.65,0.05,0.0088,0.0129,0.0159
0.00,0.00,0.30,0.60,0.10,0.0063,0.0107,0.0138
0.00,0.00,0.30,0.55,0.15,0.0064,0.0069,0.0106
0.00,0.00,0.30,0.50,0.20,0.0047,0.0066,0.0057
0.00,0.00,0.30,0.45,0.25,0.0033,0.0049,0.0072
0.00,0.00,0.30,0.40,0.30,0.0015,0.0037,0.0058
0.00,0.00,0.30,0.35,0.35,0.0017,0.0028,0.0036
0.00,0.00,0.30,0.30,0.40,0.0009,0.0018,0.0030
0.00,0.00,0.30,0.25,0.45,0.0013,0.0023,0.0030
0.00,0.00,0.30,0.20,0.50,0.0015,0.0021,0.0023
0.00,0.00,0.30,0.15,0.55,0.0017,0.0016,0.0028
0.00,0.00,0.30,0.10,0.60,0.0015,0.0016,0.0029
0.00,0.00,0.30,0.05,0.65,0.0019,0.0023,0.0037
0.00,0.00,0.30,0.00,0.70,0.0023,0.0036,0.0040
0.00,0.00,0.25,0.75,0.00,0.0056,0.0090,0.0110
0.00,0.00,0.25,0.70,0.05,0.0049,0.0056,0.0088
0.00,0.00,0.25,0.65,0.10,0.0036,0.0071,0.0076
0.00,0.00,0.25,0.60,0.15,0.0026,0.0034,0.0062
0.00,0.00,0.25,0.55,0.20,0.0031,0.0024,0.0054
0.00,0.00,0.25,0.50,0.25,0.0013,0.0031,0.0037
0.00,0.00,0.25,0.45,0.30,0.0006,0.0020,0.0024
0.00,0.00,0.25,0.40,0.35,0.0009,0.0017,0.0026
0.00,0.00,0.25,0.35,0.40,0.0006,0.0013,0.0017
0.00,0.00,0.25,0.30,0.45,0.0004,0.0008,0.0012
0.00,0.00,0.25,0.25,0.50,0.0008,0.0016,0.0013
0.00,0.00,0.25,0.20,0.55,0.0007,0.0007,0.0007
0.00,0.00,0.25,0.15,0.60,0.0008,0.0011,0.0014
0.00,0.00,0.25,0.10,0.65,0.0005,0.0020,0.0020
0.00,0.00,0.25,0.05,0.70,0.0008,0.0018,0.0026
0.00,0.00,0.25,0.00,0.75,0.0012,0.0022,0.0037
0.00,0.00,0.20,0.80,0.00,0.0028,0.0039,0.0066
0.00,0.00,0.20,0.75,0.05,0.0024,0.0036,0.0034
0.00,0.00,0.20,0.70,0.10,0.0012,0.0023,0.0032
0.00,0.00,0.20,0.65,0.15,0.0015,0.0017,0.0047
0.00,0.00,0.20,0.60,0.20,0.0010,0.0015,0.0028
0.00,0.00,0.20,0.55,0.25,0.0011,0.0015,0.0016
0.00,0.00,0.20,0.50,0.30,0.0005,0.0009,0.0015
0.00,0.00,0.20,0.45,0.35,0.0008,0.0009,0.0014
0.00,0.00,0.20,0.40,0.40,0.0005,0.0006,0.0004
0.00,0.00,0.20,0.35,0.45,0.0006,0.0003,0.0000
0.00,0.00,0.20,0.30,0.50,0.0004,0.0005,0.0010
0.00,0.00,0.20,0.25,0.55,0.0003,0.0003,0.0010
0.00,0.00,0.20,0.20,0.60,0.0003,0.0009,0.0007
0.00,0.00,0.20,0.15,0.65,0.0001,0.0009,0.0009
0.00,0.00,0.20,0.10,0.70,0.0005,0.0012,0.0014
0.00,0.00,0.20,0.05,0.75,0.0006,0.0014,0.0019
0.00,0.00,0.20,0.00,0.80,0.0012,0.0013,0.0023
0.00,0.00,0.15,0.85,0.00,0.0011,0.0010,0.0020
0.00,0.00,0.15,0.80,0.05,0.0009,0.0013,0.0018
0.00,0.00,0.15,0.75,0.10,0.0008,0.0007,0.0018
0.00,0.00,0.15,0.70,0.15,0.0002,0.0009,0.0008
0.00,0.00,0.15,0.65,0.20,0.0000,0.0001,0.0010
0.00,0.00,0.15,0.60,0.25,0.0006,0.0002,0.0003
0.00,0.00,0.15,0.55,0.30,0.0004,0.0009,0.0002
0.00,0.00,0.15,0.50,0.35,0.0003,0.0003,0.0003
0.00,0.00,0.15,0.45,0.40,0.0000,0.0001,0.0004
0.00,0.00,0.15,0.40,0.45,0.0002,0.0002,0.0001
0.00,0.00,0.15,0.35,0.50,0.0000,0.0001,0.0000
0.00,0.00,0.15,0.30,0.55,0.0000,0.0000,0.0000
0.00,0.00,0.15,0.25,0.60,0.0000,0.0000,0.0002
0.00,0.00,0.15,0.20,0.65,0.0002,0.0003,0.0002
0.00,0.00,0.15,0.15,0.70,0.0000,0.0004,0.0003
0.00,0.00,0.15,0.10,0.75,0.0001,0.0002,0.0001
0.00,0.00,0.15,0.05,0.80,0.0002,0.0006,0.0002
0.00,0.00,0.15,0.00,0.85,0.0004,0.0004,0.0008
0.00,0.00,0.10,0.90,0.00,0.0003,0.0003,0.0008
0.00,0.00,0.10,0.85,0.05,0.0001,0.0002,0.0004
0.00,0.00,0.10,0.80,0.10,0.0001,0.0001,0.0006
0.00,0.00,0.10,0.75,0.15,0.0001,0.0001,0.0002
0.00,0.00,0.10,0.70,0.20,0.0000,0.0000,0.0003
0.00,0.00,0.10,0.65,0.25,0.0001,0.0001,0.0001
0.00,0.00,0.10,0.60,0.30,0.0000,0.0000,0.0001
0.00,0.00,0.10,0.55,0.35,0.0000,0.0000,0.0000
0.00,0.00,0.10,0.50,0.40,0.0000,0.0001,0.0000
0.00,0.00,0.10,0.45,0.45,0.0001,0.0000,0.0001
0.00,0.00,0.10,0.40,0.50,0.0000,0.0002,0.0001
0.00,0.00,0.10,0.35,0.55,0.0000,0.0000,0.0000
0.00,0.00,0.10,0.30,0.60,0.0000,0.0000,0.0000
0.00,0.00,0.10,0.25,0.65,0.0000,0.0000,0.0001
0.00,0.00,0.10,0.20,0.70,0.0001,0.0001,0.0000
0.00,0.00,0.10,0.15,0.75,0.0000,0.0001,0.0001
0.00,0.00,0.10,0.10,0.80,0.0000,0.0001,0.0000
0.00,0.00,0.10,0.05,0.85,0.0001,0.0001,0.0002
0.00,0.00,0.10,0.00,0.90,0.0000,0.0001,0.0000
0.00,0.00,0.05,0.95,0.00,0.0000,0.0000,0.0000
0.00,0.00,0.05,0.90,0.05,0.0000,0.0000,0.0000
0.00,0.00,0.05,0.85,0.10,0.0000,0.0000,0.0000
0.00,0.00,0.05,0.80,0.15,0.0000,0.0000,0.0000
0.00,0.00,0.05,0.75,0.20,0.0000,0.0002,0.0000
0.00,0.00,0.05,0.70,0.25,0.0000,0.0000,0.0000
0.00,0.00,0.05,0.65,0.30,0.0000,0.0000,0.0000
0.00,0.00,0.05,0.60,0.35,0.0001,0.0000,0.0000
0.00,0.00,0.05,0.55,0.40,0.0000,0.0000,0.0000
0.00,0.00,0.05,0.50,0.45,0.0000,0.0000,0.0000
0.00,0.00,0.05,0.45,0.50,0.0000,0.0000,0.0000
0.00,0.00,0.05,0.40,0.55,0.0000,0.0000,0.0000
0.00,0.00,0.05,0.35,0.60,0.0000,0.0000,0.0000
0.00,0.00,0.05,0.30,0.65,0.0000,0.0000,0.0000
0.00,0.00,0.05,0.25,0.70,0.0000,0.0000,0.0000
0.00,0.00,0.05,0.20,0.75,0.0000,0.0000,0.0000
0.00,0.00,0.05,0.15,0.80,0.0000,0.0000,0.0000
0.00,0.00,0.05,0.10,0.85,0.0001,0.0000,0.0000
0.00,0.00,0.05,0.05,0.90,0.0000,0.0000,0.0000
0.00,0.00,0.05,0.00,0.95,0.0000,0.0000,0.0001
0.00,0.00,0.00,1.00,0.00,0.0000,0.0000,0.0000
0.00,0.00,0.00,0.95,0.05,0.0000,0.0000,0.0000
0.00,0.00,0.00,0.90,0.10,0.0000,0.0000,0.0000
0.00,0.00,0.00,0.85,0.15,0.0000,0.0000,0.0000
0.00,0.00,0.00,0.80,0.20,0.0000,0.0000,0.0000
0.00,0.00,0.00,0.75,0.25,0.0000,0.0000,0.0000
0.00,0.00,0.00,0.70,0.30,0.0000,0.0000,0.0000
0.00,0.00,0.00,0.65,0.35,0.0000,0.0000,0.0000
0.00,0.00,0.00,0.60,0.40,0.0000,0.0000,0.0000
0.00,0.00,0.00,0.55,0.45,0.0000,0.0000,0.0000
0.00,0.00,0.00,0.50,0.50,0.0000,0.0000,0.0000
0.00,0.00,0.00,0.45,0.55,0.0000,0.0000,0.0000
0.00,0.00,0.00,0.40,0.60,0.0000,0.0000,0.0000
0.00,0.00,0.00,0.35,0.65,0.0000,0.0000,0.0000
0.00,0.00,0.00,0.30,0.70,0.0000,0.0000,0.0000
0.00,0.00,0.00,0.25,0.75,0.0000,0.0000,0.0000
0.00,0.00,0.00,0.20,0.80,0.0000,0.0000,0.0000
0.00,0.00,0.00,0.15,0.85,0.0000,0.0000,0.0000
0.00,0.00,0.00,0.10,0.90,0.0000,0.0000,0.0000
0.00,0.00,0.00,0.05,0.95,0.0000,0.0000,0.0000
0.00,0.00,0.00,0.00,1.00,0.0000,0.0000,0.0000
