site, 1st layer, 2nd layer, 3rd layer, adsorption energy (eV), row id ads, row id slab
0,0,0,1,0,1,0,3,1,1,0,0,0,0,3,1,0,0,2,0,-1.254913,1,1
0,0,1,0,0,0,0,3,1,2,0,1,1,0,1,0,0,1,2,0,-0.577393,2,1
0,0,0,0,1,1,0,2,2,1,0,0,2,0,1,2,0,0,1,0,-1.322086,3,1
0,0,1,0,0,1,0,2,2,1,0,1,0,1,1,0,0,0,2,1,-0.472305,4,1
0,0,0,0,1,1,0,3,1,1,0,2,1,0,0,0,1,0,2,0,-1.446313,5,1
1,0,0,0,0,0,0,3,1,2,1,0,1,0,1,1,1,0,0,1,-0.273419,6,1
0,0,0,1,0,0,0,3,1,2,0,1,0,1,1,1,0,0,2,0,-1.250504,7,1
0,0,1,0,0,1,0,3,1,1,1,0,1,1,0,1,0,1,0,1,-0.477422,9,1
0,0,1,0,0,3,0,1,1,1,0,0,2,1,0,2,0,1,0,0,-0.551338,10,2
0,0,0,0,1,2,1,1,1,1,1,0,2,0,0,3,0,0,0,0,-1.184712,11,2
0,0,0,1,0,1,1,2,0,2,1,0,2,0,0,1,0,1,1,0,-0.943099,12,2
1,0,0,0,0,1,1,2,0,2,0,1,1,1,0,3,0,0,0,0,-0.224795,13,2
0,0,0,0,1,3,0,1,1,1,0,0,2,0,1,3,0,0,0,0,-1.341567,14,2
1,0,0,0,0,2,1,1,1,1,0,0,2,1,0,2,0,1,0,0,-0.189288,15,2
0,0,1,0,0,2,1,1,1,1,0,1,1,0,1,2,0,0,1,0,-0.535271,16,2
1,0,0,0,0,1,1,2,0,2,0,0,2,0,1,3,0,0,0,0,-0.213884,17,2
0,1,0,0,0,3,0,1,1,1,1,1,1,0,0,2,0,0,1,0,-0.376269,18,2
1,0,0,0,0,0,2,1,2,1,0,1,0,1,1,0,0,1,2,0,-0.273473,19,3
0,0,0,1,0,2,1,1,1,1,1,0,0,1,1,0,0,1,1,1,-1.177657,20,3
0,1,0,0,0,2,1,0,3,0,0,2,0,1,0,1,0,1,0,1,-0.401629,21,3
0,0,0,1,0,0,2,1,2,1,1,1,1,0,0,0,0,0,0,3,-1.089437,23,3
0,0,0,1,0,2,1,1,1,1,0,2,0,1,0,0,0,2,0,1,-1.216110,24,3
0,1,0,0,0,2,1,1,1,1,1,1,1,0,0,1,0,0,1,1,-0.354360,25,3
0,0,0,0,1,2,1,0,3,0,0,1,1,0,1,0,0,1,1,1,-1.383042,26,3
1,0,0,0,0,0,2,1,2,1,1,1,0,1,0,1,0,2,0,0,-0.200096,27,3
0,0,0,1,0,0,2,0,3,1,0,0,3,0,0,0,1,1,0,1,-1.001637,28,4
0,1,0,0,0,0,2,0,4,0,1,1,1,0,0,1,0,1,0,1,-0.377878,29,4
0,1,0,0,0,0,2,0,3,1,1,0,1,1,0,1,1,0,1,0,-0.396625,30,4
0,0,0,1,0,0,2,0,3,1,0,2,1,0,0,1,0,1,1,0,-1.247588,31,4
0,0,0,1,0,0,2,0,3,1,0,1,0,2,0,2,0,0,1,0,-1.327384,32,4
0,0,0,0,1,0,2,0,4,0,0,0,1,1,1,2,1,0,0,0,-1.539082,33,4
0,0,0,1,0,0,2,0,4,0,0,1,1,1,0,0,0,0,2,1,-1.242392,34,4
0,0,0,1,0,0,2,0,3,1,0,0,1,1,1,1,0,0,0,2,-1.210545,35,4
0,1,0,0,0,0,2,0,3,1,1,1,0,0,1,1,0,0,1,1,-0.419042,36,4
0,0,0,1,0,3,0,0,2,1,1,0,0,1,1,1,1,0,0,1,-1.366148,37,5
1,0,0,0,0,1,1,0,3,1,0,0,1,2,0,0,1,1,1,0,-0.227296,38,5
0,0,0,1,0,2,1,0,3,0,1,0,1,0,1,1,0,1,1,0,-1.313434,39,5
1,0,0,0,0,2,1,0,3,0,0,0,0,2,1,0,1,0,0,2,-0.253438,40,5
0,0,0,1,0,3,0,0,2,1,0,1,0,1,1,1,0,1,0,1,-1.323319,41,5
1,0,0,0,0,1,1,0,3,1,0,0,0,1,2,2,0,0,0,1,-0.277133,42,5
0,0,0,1,0,1,1,0,3,1,1,1,0,1,0,0,0,0,1,2,-1.332029,43,5
0,0,0,0,1,2,1,0,3,0,0,1,0,2,0,1,0,0,1,1,-1.635289,44,5
0,1,0,0,0,3,0,0,2,1,0,0,1,2,0,0,0,0,2,1,-0.447757,45,5
0,1,0,0,0,2,1,1,2,0,0,1,0,0,2,1,0,1,0,1,-0.430046,46,6
0,1,0,0,0,3,1,1,1,0,1,0,0,0,2,0,0,2,0,1,-0.402917,47,6
0,0,1,0,0,3,2,0,1,0,1,0,1,0,1,1,0,0,0,2,-0.513070,48,6
0,0,0,1,0,3,2,0,1,0,0,1,1,0,1,1,1,1,0,0,-1.149508,49,6
1,0,0,0,0,2,1,1,2,0,0,0,1,1,1,0,2,0,0,1,-0.248413,50,6
1,0,0,0,0,3,1,1,1,0,0,2,1,0,0,1,1,0,0,1,-0.208081,51,6
0,0,0,1,0,3,1,1,1,0,0,0,1,1,1,2,1,0,0,0,-1.186662,52,6
1,0,0,0,0,3,2,0,1,0,0,1,0,1,1,1,1,1,0,0,-0.204719,53,6
1,0,0,0,0,2,1,1,2,0,1,1,1,0,0,2,0,1,0,0,-0.225177,54,6
0,0,1,0,0,0,1,3,0,2,0,0,2,0,1,0,1,1,0,1,-0.558214,55,7
0,0,0,0,1,0,1,4,1,0,0,0,2,1,0,0,1,1,1,0,-1.332637,56,7
0,0,1,0,0,0,1,3,0,2,0,0,1,1,1,0,1,1,1,0,-0.503885,59,7
0,0,1,0,0,0,1,4,1,0,0,0,1,1,1,0,0,1,1,1,-0.539068,60,7
0,0,0,0,1,0,1,4,1,0,0,1,1,0,1,0,1,1,0,1,-1.396658,61,7
0,1,0,0,0,0,0,3,1,2,0,0,2,0,1,0,1,0,2,0,-0.465830,62,7
0,0,0,1,0,0,1,3,0,2,0,1,1,1,0,0,0,1,1,1,-1.162883,63,7
0,1,0,0,0,1,0,1,3,1,2,0,1,0,0,3,0,0,0,0,-0.291805,64,8
0,0,0,0,1,1,2,1,2,0,2,1,0,0,0,1,1,0,0,1,-1.400717,65,8
0,0,0,1,0,0,2,0,3,1,1,1,1,0,0,1,0,1,1,0,-1.103715,67,8
0,0,0,1,0,1,0,1,3,1,2,1,0,0,0,0,0,0,2,1,-1.161241,68,8
0,0,0,1,0,1,2,1,2,0,2,0,0,0,1,1,0,1,1,0,-1.128829,69,8
0,0,0,1,0,1,2,1,2,0,1,0,2,0,0,1,1,0,1,0,-0.943927,70,8
1,0,0,0,0,0,2,0,3,1,2,0,0,0,1,1,1,0,1,0,-0.189293,71,8
0,1,0,0,0,1,0,1,3,1,1,0,1,0,1,0,2,1,0,0,-0.426907,72,8
0,0,0,1,0,1,0,2,2,1,0,1,1,1,0,0,0,1,0,2,-1.211698,73,9
0,0,1,0,0,1,0,1,4,0,0,2,0,1,0,0,0,1,0,2,-0.655462,74,9
0,0,0,1,0,2,0,1,2,1,0,0,0,2,1,0,0,0,0,3,-1.324474,75,9
0,0,1,0,0,2,0,1,2,1,0,1,1,0,1,0,1,1,0,1,-0.591223,76,9
0,0,0,1,0,1,0,2,2,1,0,1,1,0,1,0,0,1,0,2,-1.311122,77,9
0,0,0,0,1,1,0,1,4,0,0,0,1,0,2,0,1,1,0,1,-1.562432,78,9
0,0,0,1,0,2,0,1,2,1,0,1,1,0,1,0,0,1,0,2,-1.287801,80,9
1,0,0,0,0,1,0,2,2,1,0,0,0,1,2,0,1,0,0,2,-0.339006,81,9
0,0,0,0,1,2,1,1,1,1,1,1,0,0,1,0,2,1,0,0,-1.529725,82,10
1,0,0,0,0,1,1,1,1,2,1,1,1,0,0,0,1,1,1,0,-0.208893,84,10
0,0,0,1,0,1,1,1,1,2,0,0,0,2,1,0,3,0,0,0,-1.248332,85,10
0,0,0,0,1,2,1,1,1,1,1,0,1,1,0,0,1,0,1,1,-1.367580,86,10
1,0,0,0,0,1,0,0,2,3,0,1,1,0,1,0,1,1,0,1,-0.248283,87,10
0,1,0,0,0,1,0,0,2,3,2,0,0,1,0,0,3,0,0,0,-0.358661,88,10
0,0,0,0,1,1,1,1,1,2,1,2,0,0,0,0,1,1,0,1,-1.414885,89,10
0,0,0,1,0,2,1,1,1,1,0,2,0,1,0,0,2,1,0,0,-1.244576,90,10
0,0,0,0,1,2,1,1,2,0,0,0,2,0,1,2,0,1,0,0,-1.430619,91,11
0,0,0,1,0,1,1,1,1,2,1,0,2,0,0,2,0,0,1,0,-1.056126,92,11
1,0,0,0,0,1,2,0,1,2,0,0,2,0,1,1,0,0,0,2,-0.205798,94,11
0,1,0,0,0,2,1,1,2,0,1,0,2,0,0,1,1,0,0,1,-0.278822,95,11
0,1,0,0,0,1,1,1,1,2,1,1,1,0,0,1,1,0,0,1,-0.334383,96,11
1,0,0,0,0,1,1,1,1,2,0,0,1,0,2,0,0,1,0,2,-0.250683,97,11
0,0,0,1,0,1,2,0,1,2,0,1,2,0,0,0,1,1,1,0,-1.047825,98,11
0,0,0,0,1,2,1,1,2,0,1,1,0,0,1,0,0,0,1,2,-1.462850,99,11
0,0,0,1,0,4,0,0,1,1,0,0,2,0,1,1,0,0,2,0,-1.252538,100,12
1,0,0,0,0,2,0,0,2,2,0,0,0,0,3,0,0,0,2,1,-0.307515,101,12
1,0,0,0,0,4,0,0,1,1,0,1,1,0,1,1,0,0,1,1,-0.253569,102,12
0,0,0,1,0,4,0,0,1,1,0,0,1,0,2,1,0,0,2,0,-1.380296,103,12
0,0,0,0,1,4,0,0,1,1,0,1,0,0,2,0,1,0,1,1,-1.617192,104,12
1,0,0,0,0,2,0,0,2,2,0,1,1,1,0,2,1,0,0,0,-0.318130,105,12
1,0,0,0,0,2,0,0,2,2,0,0,1,0,2,0,0,0,3,0,-0.239239,106,12
0,0,0,0,1,4,0,0,1,1,0,0,0,1,2,0,1,0,2,0,-1.558871,107,12
1,0,0,0,0,4,0,0,1,1,0,0,0,1,2,1,0,0,2,0,-0.236018,108,12
0,0,0,0,1,2,0,3,1,0,1,1,0,0,1,0,1,0,1,1,-1.509778,110,13
0,0,1,0,0,1,1,2,1,1,0,2,0,1,0,0,2,1,0,0,-0.363545,111,13
0,0,0,1,0,1,1,2,1,1,3,0,0,0,0,0,1,1,0,1,-1.178062,112,13
1,0,0,0,0,1,1,1,2,1,1,0,0,2,0,0,1,2,0,0,-0.206568,113,13
0,0,0,1,0,2,0,3,1,0,1,0,0,1,1,0,2,1,0,0,-1.191955,114,13
0,1,0,0,0,2,0,3,1,0,1,1,0,1,0,0,0,2,1,0,-0.408400,115,13
1,0,0,0,0,1,1,2,1,1,0,0,0,1,2,0,0,1,2,0,-0.208574,116,13
1,0,0,0,0,1,1,2,0,2,1,0,1,0,1,3,0,0,0,0,-0.292823,118,14
0,0,0,0,1,1,1,2,1,1,0,1,1,0,1,1,0,1,0,1,-1.527826,119,14
0,0,1,0,0,2,0,0,1,3,0,0,0,1,2,1,0,2,0,0,-0.577507,120,14
0,1,0,0,0,2,0,0,1,3,1,1,0,1,0,1,0,0,0,2,-0.427232,121,14
0,0,0,0,1,1,1,2,0,2,0,2,0,1,0,0,1,1,0,1,-1.462695,122,14
1,0,0,0,0,1,1,2,1,1,1,0,0,2,0,1,1,0,0,1,-0.272716,123,14
0,0,0,0,1,1,1,2,1,1,0,1,0,1,1,1,0,1,0,1,-1.521279,124,14
0,0,1,0,0,2,0,0,1,3,0,1,1,1,0,1,1,0,0,1,-0.578923,125,14
0,0,0,1,0,1,1,2,0,2,0,0,0,2,1,0,0,1,0,2,-1.218899,126,14
0,0,1,0,0,3,0,2,1,0,0,1,1,0,1,0,0,1,1,1,-0.624608,127,15
0,0,0,1,0,2,1,2,1,0,1,1,0,1,0,0,0,1,1,1,-1.097428,128,15
1,0,0,0,0,1,1,2,2,0,1,0,0,1,1,0,0,1,1,1,-0.247117,129,15
1,0,0,0,0,1,1,2,2,0,0,0,2,1,0,1,0,1,0,1,-0.221212,130,15
0,0,0,1,0,3,0,2,1,0,0,1,0,2,0,0,1,1,1,0,-1.139180,131,15
1,0,0,0,0,2,1,2,1,0,0,1,1,1,0,1,1,1,0,0,-0.267746,132,15
0,0,1,0,0,1,1,2,2,0,0,3,0,0,0,0,1,1,1,0,-0.634184,134,15
0,1,0,0,0,3,0,2,1,0,1,1,1,0,0,1,0,1,0,1,-0.405163,135,15
0,0,0,1,0,3,1,1,1,0,0,1,1,0,1,1,1,0,1,0,-1.066992,136,16
1,0,0,0,0,2,1,2,1,0,1,1,1,0,0,1,0,0,2,0,-0.246810,137,16
0,1,0,0,0,3,0,1,2,0,0,0,2,0,1,2,0,1,0,0,-0.438042,138,16
1,0,0,0,0,3,1,1,1,0,1,0,1,0,1,1,0,1,1,0,-0.228480,140,16
1,0,0,0,0,2,1,2,1,0,0,0,3,0,0,1,0,2,0,0,-0.213521,141,16
0,0,0,1,0,2,1,2,1,0,0,0,0,0,3,0,1,1,1,0,-1.159261,142,16
1,0,0,0,0,3,0,1,2,0,0,1,1,0,1,0,1,1,1,0,-0.282399,143,16
0,0,1,0,0,3,1,1,1,0,0,0,2,0,1,0,0,2,1,0,-0.544126,144,16
1,0,0,0,0,0,1,3,0,2,0,0,0,2,1,1,0,0,2,0,-0.301074,146,17
0,0,1,0,0,1,1,2,0,2,1,0,0,2,0,1,0,1,1,0,-0.583861,147,17
0,1,0,0,0,1,1,2,0,2,1,0,0,2,0,1,0,0,1,1,-0.410310,148,17
0,0,1,0,0,1,2,1,0,2,1,1,0,1,0,0,0,0,3,0,-0.453492,149,17
0,0,0,0,1,0,1,3,0,2,2,1,0,0,0,1,0,0,1,1,-1.456698,150,17
0,1,0,0,0,0,1,3,0,2,0,1,0,2,0,0,0,1,1,1,-0.467281,151,17
0,0,0,0,1,1,1,2,0,2,0,2,0,0,1,0,0,0,2,1,-1.405560,152,17
0,0,0,0,1,1,2,1,0,2,0,1,0,2,0,0,0,1,1,1,-1.384090,153,17
1,0,0,0,0,1,1,2,2,0,1,1,0,1,0,0,1,0,0,2,-0.274416,155,18
0,1,0,0,0,4,0,2,0,0,1,0,0,1,1,0,2,0,0,1,-0.320529,156,18
0,0,0,1,0,4,0,2,0,0,2,1,0,0,0,1,0,1,0,1,-1.077997,157,18
1,0,0,0,0,3,1,0,2,0,2,1,0,0,0,1,0,1,0,1,-0.208266,158,18
1,0,0,0,0,1,1,2,2,0,1,1,0,0,1,2,1,0,0,0,-0.261657,159,18
1,0,0,0,0,1,1,2,2,0,1,1,0,0,1,0,2,1,0,0,-0.230257,160,18
0,0,0,1,0,4,0,2,0,0,0,2,0,0,1,1,2,0,0,0,-1.128966,161,18
1,0,0,0,0,1,0,2,0,3,0,2,0,0,1,1,1,0,0,1,-0.326863,163,19
0,0,1,0,0,1,1,1,0,3,0,0,0,1,2,3,0,0,0,0,-0.466426,164,19
0,0,1,0,0,2,1,1,0,2,0,2,0,0,1,1,0,1,0,1,-0.571238,165,19
0,0,0,0,1,2,1,1,0,2,0,1,0,2,0,2,0,0,1,0,-1.433980,166,19
0,1,0,0,0,1,0,2,0,3,1,1,0,1,0,3,0,0,0,0,-0.442299,167,19
0,0,0,0,1,1,1,1,0,3,1,2,0,0,0,1,0,0,1,1,-1.414143,168,19
1,0,0,0,0,1,1,1,0,3,1,1,0,1,0,1,1,1,0,0,-0.266062,169,19
0,0,0,0,1,2,1,1,0,2,2,0,0,0,1,2,1,0,0,0,-1.457644,170,19
0,0,0,0,1,1,0,2,0,3,1,0,0,1,1,1,0,1,1,0,-1.458951,171,19
0,0,0,1,0,1,0,2,1,2,2,0,1,0,0,0,0,1,1,1,-1.175370,173,20
0,0,0,0,1,0,0,1,3,2,2,0,1,0,0,0,0,2,0,1,-1.418396,174,20
1,0,0,0,0,0,0,1,3,2,1,0,1,0,1,0,1,0,1,1,-0.202242,175,20
0,0,0,0,1,1,0,1,2,2,1,0,1,0,1,0,0,2,0,1,-1.403063,176,20
0,0,0,1,0,1,0,2,1,2,0,1,1,0,1,0,1,1,0,1,-1.170899,177,20
0,0,0,0,1,1,0,2,1,2,1,0,1,0,1,0,0,2,0,1,-1.398197,178,20
0,0,0,1,0,1,0,1,2,2,1,1,1,0,0,0,1,1,0,1,-1.249496,180,20
0,0,1,0,0,1,2,2,1,0,0,1,0,0,2,1,0,1,0,1,-0.606626,181,21
0,0,1,0,0,1,2,3,0,0,0,1,0,1,1,1,0,0,0,2,-0.629489,182,21
0,1,0,0,0,0,2,3,1,0,1,0,0,1,1,1,0,1,0,1,-0.434252,183,21
1,0,0,0,0,0,2,3,1,0,0,0,1,0,2,1,0,0,1,1,-0.308383,184,21
0,0,0,1,0,1,2,3,0,0,1,0,0,0,2,1,0,0,1,1,-1.081136,186,21
0,1,0,0,0,1,2,3,0,0,0,0,1,0,2,1,0,2,0,0,-0.470708,187,21
0,0,1,0,0,0,2,3,1,0,0,1,0,0,2,1,0,1,0,1,-0.592263,188,21
0,1,0,0,0,1,2,2,1,0,0,0,1,1,1,1,0,1,1,0,-0.394978,189,21
1,0,0,0,0,1,1,1,2,1,0,1,1,1,0,0,2,0,0,1,-0.218817,190,22
0,0,0,1,0,1,1,1,0,3,0,1,0,2,0,1,0,0,1,1,-1.255495,191,22
0,0,1,0,0,2,0,0,2,2,0,0,0,3,0,2,1,0,0,0,-0.551088,192,22
0,0,0,0,1,2,0,0,2,2,0,0,2,1,0,0,1,0,1,1,-1.313181,193,22
0,0,0,0,1,1,1,1,2,1,1,0,0,2,0,1,1,0,0,1,-1.561023,194,22
1,0,0,0,0,1,1,1,0,3,1,0,1,1,0,0,1,0,1,1,-0.219089,195,22
0,0,0,1,0,1,1,1,0,3,1,0,1,1,0,1,2,0,0,0,-1.186946,196,22
0,1,0,0,0,2,0,0,2,2,2,1,0,0,0,0,1,0,1,1,-0.356062,197,22
0,0,0,0,1,1,1,1,2,1,1,0,1,1,0,1,0,0,2,0,-1.449417,198,22
0,0,1,0,0,2,4,0,0,0,2,0,1,0,0,0,2,0,1,0,-0.553267,199,23
0,1,0,0,0,3,2,1,0,0,0,0,2,0,1,0,1,0,1,1,-0.348331,200,23
0,1,0,0,0,1,4,1,0,0,1,0,1,0,1,0,1,1,0,1,-0.401394,201,23
1,0,0,0,0,1,4,1,0,0,1,0,1,0,1,1,1,0,0,1,-0.255880,202,23
1,0,0,0,0,2,4,0,0,0,0,0,2,0,1,1,0,0,1,1,-0.203182,203,23
0,1,0,0,0,3,2,1,0,0,1,0,1,1,0,0,1,0,1,1,-0.365122,204,23
0,1,0,0,0,3,2,1,0,0,1,0,0,0,2,1,0,1,1,0,-0.421106,205,23
1,0,0,0,0,1,4,1,0,0,0,0,1,1,1,0,0,0,3,0,-0.204435,206,23
0,1,0,0,0,2,4,0,0,0,0,0,0,1,2,0,0,1,1,1,-0.409047,207,23
1,0,0,0,0,2,1,1,1,1,0,1,0,2,0,0,0,1,0,2,-0.213461,208,24
0,0,0,1,0,4,0,1,0,1,0,1,0,2,0,2,0,0,0,1,-1.191235,209,24
1,0,0,0,0,2,1,2,1,0,0,2,0,1,0,1,0,1,1,0,-0.246326,210,24
1,0,0,0,0,2,1,2,1,0,0,2,0,1,0,0,1,0,0,2,-0.273081,211,24
0,0,1,0,0,4,0,1,0,1,0,1,0,1,1,1,1,1,0,0,-0.535216,213,24
0,1,0,0,0,4,0,1,0,1,0,3,0,0,0,0,0,0,1,2,-0.406589,214,24
0,0,0,0,1,2,1,2,1,0,0,1,0,1,1,2,0,0,0,1,-1.417084,215,24
1,0,0,0,0,2,1,1,1,1,0,1,0,1,1,1,1,0,1,0,-0.192822,216,24
1,0,0,0,0,3,3,0,0,0,0,1,1,0,1,0,0,1,1,1,-0.209397,217,25
1,0,0,0,0,2,3,1,0,0,1,1,0,1,0,1,0,0,1,1,-0.206808,218,25
1,0,0,0,0,3,2,1,0,0,1,0,1,1,0,2,0,0,0,1,-0.246362,219,25
0,1,0,0,0,3,2,1,0,0,1,0,0,1,1,1,1,0,1,0,-0.440224,220,25
0,1,0,0,0,3,3,0,0,0,0,0,1,2,0,1,1,0,1,0,-0.331145,221,25
0,1,0,0,0,2,3,1,0,0,0,0,0,2,1,1,0,0,1,1,-0.386313,222,25
1,0,0,0,0,2,3,1,0,0,1,0,2,0,0,1,1,1,0,0,-0.183171,223,25
0,1,0,0,0,3,2,1,0,0,0,1,1,1,0,0,0,1,1,1,-0.403927,224,25
0,0,1,0,0,3,3,0,0,0,2,0,0,1,0,2,0,0,0,1,-0.603029,225,25
0,0,0,0,1,0,2,3,0,1,0,0,1,1,1,0,1,0,1,1,-1.297147,226,26
0,1,0,0,0,1,0,3,0,2,0,1,0,0,2,1,0,1,0,1,-0.408554,227,26
0,0,1,0,0,1,2,2,0,1,1,0,0,1,1,0,1,1,0,1,-0.445080,228,26
0,0,0,0,1,1,2,2,0,1,1,1,1,0,0,0,1,1,0,1,-1.335206,229,26
1,0,0,0,0,0,2,3,0,1,1,2,0,0,0,0,2,1,0,0,-0.199342,230,26
0,0,1,0,0,1,0,3,0,2,1,0,2,0,0,0,2,1,0,0,-0.404148,231,26
0,1,0,0,0,1,0,3,0,2,1,1,0,1,0,0,1,0,1,1,-0.440979,232,26
0,0,1,0,0,1,2,2,0,1,0,1,1,0,1,1,1,0,1,0,-0.505333,233,26
0,0,1,0,0,0,2,3,0,1,1,0,1,0,1,1,0,1,0,1,-0.448562,234,26
0,1,0,0,0,1,0,2,2,1,0,0,1,1,1,0,1,1,1,0,-0.347469,235,27
1,0,0,0,0,0,1,2,2,1,0,1,1,0,1,1,1,1,0,0,-0.249549,236,27
0,0,0,1,0,1,1,2,2,0,1,1,0,1,0,1,2,0,0,0,-1.147072,237,27
0,0,1,0,0,1,0,2,2,1,2,0,1,0,0,1,0,0,1,1,-0.578999,239,27
0,0,1,0,0,0,1,2,2,1,2,0,1,0,0,0,2,0,0,1,-0.547966,240,27
0,0,0,1,0,0,1,2,2,1,1,0,1,1,0,0,1,0,2,0,-1.170098,241,27
0,0,0,0,1,1,1,2,2,0,2,0,0,0,1,0,1,0,1,1,-1.404160,242,27
0,0,0,1,0,1,0,2,2,1,1,1,1,0,0,0,3,0,0,0,-1.189852,243,27
1,0,0,0,0,2,0,2,2,0,1,1,0,1,0,1,0,0,1,1,-0.233127,246,28
0,1,0,0,0,2,0,2,2,0,1,0,1,1,0,0,0,1,1,1,-0.391883,247,28
1,0,0,0,0,2,1,2,1,0,0,0,0,3,0,1,0,2,0,0,-0.248681,248,28
1,0,0,0,0,2,1,2,1,0,0,1,1,1,0,0,0,1,2,0,-0.245925,249,28
0,0,0,1,0,2,1,2,1,0,1,1,0,1,0,1,0,1,0,1,-1.165726,250,28
0,0,0,1,0,2,1,2,1,0,2,1,0,0,0,0,1,0,1,1,-1.077177,252,28
0,0,0,0,1,1,2,1,1,1,0,0,1,1,1,1,0,0,2,0,-1.482898,253,29
0,1,0,0,0,1,1,1,0,3,0,0,2,0,1,1,1,0,0,1,-0.379149,255,29
1,0,0,0,0,1,1,1,0,3,1,0,0,1,1,1,0,0,1,1,-0.267355,256,29
0,0,0,0,1,1,2,1,1,1,1,1,1,0,0,1,1,0,0,1,-1.414269,257,29
0,0,0,0,1,2,1,0,1,2,0,1,1,0,1,1,1,0,0,1,-1.470308,258,29
0,1,0,0,0,2,1,0,1,2,0,1,1,1,0,1,1,0,1,0,-0.365388,259,29
0,0,0,1,0,1,1,1,0,3,0,2,0,1,0,0,1,1,1,0,-1.254617,260,29
1,0,0,0,0,1,2,1,1,1,0,1,0,1,1,0,1,1,0,1,-0.223570,261,29
0,0,1,0,0,2,1,1,1,1,0,1,1,1,0,0,0,2,1,0,-0.530135,262,30
0,0,0,1,0,2,1,2,0,1,1,0,2,0,0,1,0,1,0,1,-0.933209,263,30
1,0,0,0,0,0,2,3,1,0,0,1,1,0,1,1,0,0,1,1,-0.230916,264,30
0,0,0,0,1,0,2,3,1,0,1,0,1,1,0,0,1,1,0,1,-1.234055,265,30
0,1,0,0,0,2,1,1,1,1,2,0,0,0,1,0,0,0,1,2,-0.380602,266,30
0,1,0,0,0,2,1,2,0,1,1,0,0,1,1,0,1,0,2,0,-0.408774,267,30
0,0,1,0,0,2,1,2,0,1,1,1,1,0,0,1,0,1,0,1,-0.531298,268,30
1,0,0,0,0,0,2,3,1,0,2,0,1,0,0,1,0,1,1,0,-0.199573,269,30
0,0,1,0,0,2,1,1,1,1,1,0,2,0,0,2,1,0,0,0,-0.529782,270,30
0,0,1,0,0,0,1,2,1,2,1,1,1,0,0,0,0,2,0,1,-0.440114,271,31
0,0,1,0,0,1,0,2,0,3,1,0,1,1,0,0,2,1,0,0,-0.446052,272,31
0,0,0,0,1,1,1,2,1,1,0,1,2,0,0,0,1,1,0,1,-1.254617,273,31
0,0,0,0,1,1,1,2,1,1,1,0,1,1,0,0,1,2,0,0,-1.274023,274,31
0,0,0,0,1,0,1,2,1,2,0,1,1,1,0,0,2,0,1,0,-1.421896,275,31
0,1,0,0,0,1,0,2,0,3,1,0,2,0,0,0,0,2,1,0,-0.257794,276,31
0,0,0,1,0,1,0,2,0,3,1,2,0,0,0,0,1,0,0,2,-1.122795,277,31
0,0,1,0,0,1,1,2,1,1,2,1,0,0,0,0,1,0,1,1,-0.527397,278,31
1,0,0,0,0,0,1,2,1,2,2,0,1,0,0,0,1,1,0,1,-0.154882,279,31
0,0,0,0,1,0,2,1,1,2,0,2,1,0,0,0,0,1,1,1,-1.355792,280,32
0,0,0,0,1,0,2,3,0,1,2,1,0,0,0,0,2,0,1,0,-1.367873,281,32
0,1,0,0,0,0,0,2,1,3,1,0,1,0,1,1,1,1,0,0,-0.453501,282,32
0,1,0,0,0,0,0,2,1,3,1,2,0,0,0,0,1,0,2,0,-0.416441,283,32
0,0,1,0,0,0,2,1,1,2,1,0,0,1,1,0,2,0,1,0,-0.479300,284,32
0,0,0,0,1,0,2,3,0,1,0,1,1,0,1,0,2,1,0,0,-1.334423,285,32
0,0,0,1,0,0,2,3,0,1,0,1,1,1,0,1,0,0,1,1,-1.133177,286,32
0,0,1,0,0,0,0,2,1,3,0,1,1,1,0,0,2,0,0,1,-0.524769,287,32
0,0,1,0,0,0,2,1,1,2,1,1,1,0,0,1,2,0,0,0,-0.424834,288,32
0,0,1,0,0,3,0,0,2,1,0,2,0,1,0,0,0,1,2,0,-0.599426,289,33
1,0,0,0,0,2,0,1,1,2,1,1,1,0,0,0,0,1,1,1,-0.228170,290,33
0,0,0,0,1,3,0,1,1,1,0,0,2,1,0,0,0,2,1,0,-1.291867,291,33
1,0,0,0,0,3,0,1,1,1,1,1,1,0,0,0,0,2,1,0,-0.207910,292,33
1,0,0,0,0,3,0,0,2,1,2,0,1,0,0,0,0,2,0,1,-0.208574,293,33
0,0,0,1,0,2,0,1,1,2,0,1,1,0,1,0,0,1,1,1,-1.050728,294,33
1,0,0,0,0,2,0,1,1,2,1,0,1,1,0,0,0,3,0,0,-0.181601,295,33
0,0,0,1,0,3,0,1,1,1,1,1,0,0,1,0,0,1,0,2,-1.150319,296,33
0,0,0,0,1,3,0,0,2,1,0,0,2,0,1,0,0,2,0,1,-1.246908,297,33
0,0,0,0,1,2,1,1,1,1,0,0,0,2,1,1,0,1,1,0,-1.596934,298,34
0,0,0,1,0,2,1,1,1,1,0,1,0,1,1,1,1,0,1,0,-1.291915,299,34
0,1,0,0,0,2,0,0,2,2,0,0,1,1,1,2,1,0,0,0,-0.442104,301,34
0,0,0,1,0,2,1,1,1,1,0,1,0,0,2,1,2,0,0,0,-1.266010,302,34
0,0,0,0,1,2,1,1,1,1,0,1,1,1,0,0,2,0,1,0,-1.494944,303,34
1,0,0,0,0,2,1,1,1,1,0,0,1,0,2,1,1,1,0,0,-0.264634,304,34
1,0,0,0,0,2,0,0,2,2,0,0,1,1,1,0,1,1,1,0,-0.287455,305,34
1,0,0,0,0,2,1,1,1,1,0,1,2,0,0,0,2,0,1,0,-0.219743,306,34
0,0,0,1,0,2,0,1,3,0,1,0,1,0,1,1,1,1,0,0,-1.071833,307,35
1,0,0,0,0,1,0,2,2,1,2,1,0,0,0,0,2,0,0,1,-0.206338,308,35
1,0,0,0,0,1,0,1,3,1,0,1,2,0,0,0,1,1,0,1,-0.178243,309,35
0,0,1,0,0,1,0,1,3,1,1,1,0,0,1,0,3,0,0,0,-0.600937,310,35
0,0,0,0,1,2,0,1,3,0,2,0,1,0,0,0,1,1,0,1,-1.342149,311,35
0,0,0,1,0,1,0,2,2,1,1,0,1,0,1,0,1,2,0,0,-1.152552,312,35
0,0,0,1,0,1,0,2,2,1,1,1,1,0,0,1,2,0,0,0,-1.143827,313,35
0,0,0,1,0,1,0,1,3,1,3,0,0,0,0,1,1,1,0,0,-1.115621,314,35
0,0,1,0,0,2,0,1,3,0,1,2,0,0,0,0,3,0,0,0,-0.578819,315,35
0,0,1,0,0,1,1,1,2,1,0,0,0,1,2,1,1,1,0,0,-0.564281,316,36
0,0,0,0,1,1,1,2,2,0,1,0,0,1,1,0,1,1,1,0,-1.445323,317,36
0,0,0,1,0,0,2,3,0,1,1,0,0,1,1,0,1,1,1,0,-1.170932,318,36
0,0,0,1,0,0,2,3,0,1,1,0,1,1,0,0,2,0,1,0,-1.113903,319,36
0,0,1,0,0,1,1,1,2,1,3,0,0,0,0,0,1,0,1,1,-0.424391,320,36
0,1,0,0,0,1,1,2,2,0,1,0,1,1,0,0,0,1,1,1,-0.366993,321,36
0,0,1,0,0,1,1,2,2,0,1,0,1,0,1,1,2,0,0,0,-0.536871,322,36
1,0,0,0,0,0,2,3,0,1,1,0,1,0,1,1,0,1,0,1,-0.250264,323,36
0,1,0,0,0,1,1,1,2,1,0,0,2,1,0,0,1,1,1,0,-0.369624,324,36
0,0,0,0,1,1,0,1,0,4,1,1,1,0,0,0,1,1,1,0,-1.372742,325,37
0,0,0,0,1,1,1,1,1,2,1,0,1,0,1,0,1,0,2,0,-1.379035,326,37
1,0,0,0,0,0,1,0,1,4,3,0,0,0,0,0,1,1,1,0,-0.209422,327,37
0,0,1,0,0,0,1,0,1,4,0,1,1,0,1,1,1,0,1,0,-0.518471,328,37
0,1,0,0,0,1,0,1,0,4,1,0,0,1,1,0,1,0,2,0,-0.471618,329,37
0,0,0,0,1,1,1,1,1,2,1,1,0,1,0,1,0,1,1,0,-1.448389,330,37
0,0,0,0,1,1,1,1,1,2,1,0,1,1,0,0,3,0,0,0,-1.429540,331,37
0,0,0,0,1,0,1,0,1,4,0,0,1,2,0,0,2,0,1,0,-1.341780,332,37
0,0,0,1,0,1,0,1,0,4,1,0,1,1,0,1,2,0,0,0,-1.115235,333,37
1,0,0,0,0,1,1,0,3,1,0,0,0,1,2,0,1,1,0,1,-0.273630,334,38
0,1,0,0,0,2,1,0,2,1,1,1,0,0,1,0,0,1,2,0,-0.404844,335,38
0,0,0,1,0,3,2,0,1,0,0,2,0,1,0,0,1,0,1,1,-1.153730,336,38
0,0,0,1,0,3,2,0,1,0,2,0,0,0,1,0,0,1,1,1,-1.172668,337,38
0,1,0,0,0,1,1,0,3,1,2,1,0,0,0,1,0,0,1,1,-0.368677,338,38
0,0,0,1,0,2,1,0,2,1,0,1,0,0,2,1,0,0,1,1,-1.290475,339,38
1,0,0,0,0,2,1,0,2,1,2,0,0,1,0,0,2,0,0,1,-0.200228,340,38
0,0,0,0,1,3,2,0,1,0,1,0,0,0,2,1,1,0,1,0,-1.551392,341,38
1,0,0,0,0,1,1,0,3,1,1,1,0,0,1,0,1,0,2,0,-0.255700,342,38
1,0,0,0,0,1,1,0,1,3,1,1,0,1,0,1,0,0,1,1,-0.212698,343,39
0,0,0,1,0,2,2,0,1,1,1,0,0,1,1,0,1,1,0,1,-1.278015,344,39
0,1,0,0,0,1,1,0,2,2,0,0,0,1,2,0,1,0,2,0,-0.460860,345,39
0,0,0,0,1,1,1,0,2,2,0,2,0,1,0,0,1,0,0,2,-1.489127,346,39
0,0,0,1,0,1,1,0,1,3,0,0,0,2,1,1,2,0,0,0,-1.315162,347,39
0,0,0,0,1,2,2,0,1,1,1,1,0,0,1,1,0,0,1,1,-1.524630,348,39
0,0,0,0,1,2,2,0,1,1,0,1,0,2,0,1,1,0,1,0,-1.512468,349,39
1,0,0,0,0,1,1,0,2,2,2,0,0,1,0,2,0,1,0,0,-0.201890,350,39
0,1,0,0,0,1,1,0,1,3,1,1,0,0,1,0,0,1,1,1,-0.378162,351,39
0,0,0,0,1,0,1,2,2,1,0,0,1,0,2,1,1,0,1,0,-1.508770,352,40
0,0,0,0,1,0,0,2,2,2,1,0,0,0,2,2,0,0,1,0,-1.507415,353,40
0,0,0,1,0,0,1,0,2,3,0,0,2,0,1,0,2,0,1,0,-1.162952,355,40
0,0,0,1,0,0,1,2,2,1,0,2,0,0,1,1,2,0,0,0,-1.298435,356,40
0,0,0,1,0,0,0,2,2,2,0,1,1,0,1,0,3,0,0,0,-1.282982,357,40
0,1,0,0,0,0,0,2,2,2,0,1,1,0,1,2,1,0,0,0,-0.460926,358,40
0,0,0,0,1,0,1,2,2,1,1,0,1,0,1,2,1,0,0,0,-1.540065,360,40
0,0,0,1,0,0,2,2,2,0,0,2,1,0,0,0,0,1,2,0,-1.191165,361,41
0,1,0,0,0,1,0,2,3,0,1,1,0,0,1,0,0,2,1,0,-0.493789,362,41
0,0,1,0,0,1,2,0,3,0,1,1,1,0,0,0,1,0,2,0,-0.556962,363,41
0,0,1,0,0,1,2,0,3,0,0,1,0,0,2,1,0,1,0,1,-0.570443,364,41
1,0,0,0,0,0,2,2,2,0,0,1,0,0,2,1,0,0,1,1,-0.225219,365,41
0,1,0,0,0,1,0,2,3,0,0,3,0,0,0,2,0,0,1,0,-0.426167,366,41
0,0,0,1,0,1,0,2,3,0,0,0,1,0,2,0,1,0,1,1,-1.190951,367,41
0,0,0,1,0,1,2,0,3,0,0,2,0,0,1,1,0,1,1,0,-1.216389,368,41
0,0,0,1,0,0,2,2,2,0,1,1,0,0,1,1,1,1,0,0,-1.243460,369,41
0,1,0,0,0,2,0,1,1,2,0,1,0,0,2,1,0,0,2,0,-0.481594,371,42
1,0,0,0,0,1,2,1,2,0,1,0,0,0,2,0,1,1,1,0,-0.260876,372,42
0,0,0,0,1,1,2,1,2,0,1,0,0,1,1,2,0,0,1,0,-1.605446,373,42
0,0,0,1,0,1,2,0,1,2,1,0,0,1,1,2,0,0,1,0,-1.342409,374,42
0,0,0,1,0,2,0,1,1,2,2,1,0,0,0,1,0,1,1,0,-1.317660,375,42
0,1,0,0,0,2,0,1,1,2,0,0,0,2,1,1,2,0,0,0,-0.484945,376,42
0,0,0,0,1,1,2,1,2,0,0,2,0,1,0,1,1,0,1,0,-1.565523,377,42
1,0,0,0,0,1,2,0,1,2,0,1,0,1,1,0,1,0,2,0,-0.217897,378,42
0,0,0,1,0,0,1,1,3,1,1,0,0,2,0,1,0,0,2,0,-1.259360,379,43
0,0,0,1,0,0,1,1,3,1,1,1,0,1,0,1,0,0,1,1,-1.248981,381,43
0,0,0,0,1,0,1,1,3,1,3,0,0,0,0,0,1,0,2,0,-1.504890,382,43
0,0,0,0,1,0,1,1,3,1,1,1,0,1,0,1,1,0,0,1,-1.452133,383,43
0,0,0,1,0,0,0,0,4,2,1,2,0,0,0,2,0,0,1,0,-1.266160,384,43
0,1,0,0,0,0,0,0,4,2,1,0,0,2,0,0,1,0,2,0,-0.451957,385,43
0,0,0,1,0,0,1,1,3,1,0,1,0,2,0,1,0,0,1,1,-1.299567,386,43
0,0,0,1,0,0,1,1,3,1,2,1,0,0,0,0,0,0,2,1,-1.306488,387,43
1,0,0,0,0,0,0,2,3,1,0,0,1,1,1,1,1,0,0,1,-0.315512,388,44
0,0,0,0,1,2,0,2,1,1,0,0,0,1,2,0,1,1,0,1,-1.531981,389,44
0,0,1,0,0,2,0,0,2,2,0,1,0,1,1,0,2,0,1,0,-0.561850,390,44
0,0,0,0,1,0,0,2,3,1,0,2,0,1,0,0,1,0,1,1,-1.562015,392,44
0,0,0,1,0,2,0,2,1,1,1,1,1,0,0,1,1,0,0,1,-1.207380,393,44
0,0,0,1,0,2,0,2,1,1,0,1,1,1,0,1,0,0,2,0,-1.204223,394,44
0,0,0,1,0,2,0,0,2,2,1,1,0,0,1,1,0,1,0,1,-1.236019,395,44
1,0,0,0,0,0,0,2,3,1,1,0,1,0,1,1,0,1,1,0,-0.313571,396,44
0,0,0,0,1,2,1,0,1,2,0,3,0,0,0,0,1,2,0,0,-1.506526,397,45
0,1,0,0,0,3,0,0,1,2,1,2,0,0,0,1,1,0,1,0,-0.374044,398,45
0,0,0,1,0,3,1,0,0,2,0,2,0,0,1,1,0,1,1,0,-1.204512,399,45
1,0,0,0,0,3,1,0,0,2,1,1,0,0,1,1,2,0,0,0,-0.201032,400,45
1,0,0,0,0,2,1,0,1,2,1,0,0,0,2,2,0,0,1,0,-0.206574,401,45
1,0,0,0,0,3,0,0,1,2,0,1,0,1,1,1,1,1,0,0,-0.243719,402,45
0,0,0,0,1,3,0,0,1,2,0,1,0,0,2,2,0,1,0,0,-1.508328,403,45
0,0,0,0,1,3,1,0,0,2,0,1,0,1,1,2,0,1,0,0,-1.521654,404,45
1,0,0,0,0,2,1,0,1,2,0,1,0,1,1,2,1,0,0,0,-0.235257,405,45
0,0,0,1,0,1,2,2,1,0,0,1,0,0,2,1,2,0,0,0,-1.303876,406,46
0,1,0,0,0,1,1,1,2,1,0,1,0,1,1,1,1,0,1,0,-0.457176,407,46
0,0,1,0,0,2,1,1,1,1,0,1,0,0,2,0,1,1,1,0,-0.552761,408,46
0,1,0,0,0,2,1,1,1,1,0,2,0,1,0,1,1,0,0,1,-0.418465,409,46
0,0,0,0,1,1,2,2,1,0,0,1,0,1,1,1,1,0,1,0,-1.468198,410,46
1,0,0,0,0,1,1,1,2,1,0,1,0,1,1,0,2,0,0,1,-0.242646,411,46
0,0,0,1,0,2,1,1,1,1,0,1,0,1,1,2,1,0,0,0,-1.277991,413,46
1,0,0,0,0,1,2,2,1,0,0,2,0,1,0,1,0,1,0,1,-0.236041,414,46
0,1,0,0,0,1,1,2,1,1,2,0,1,0,0,0,1,0,0,2,-0.325763,415,47
0,0,0,0,1,2,2,1,1,0,0,0,1,1,1,1,0,0,1,1,-1.371638,416,47
1,0,0,0,0,1,3,1,0,1,1,0,0,2,0,2,1,0,0,0,-0.189301,417,47
0,0,1,0,0,1,3,1,0,1,2,0,0,0,1,0,0,1,0,2,-0.479768,418,47
1,0,0,0,0,1,1,2,1,1,0,0,1,1,1,1,0,2,0,0,-0.254100,419,47
0,0,1,0,0,2,2,1,1,0,1,0,1,1,0,0,1,1,0,1,-0.500108,420,47
0,1,0,0,0,2,2,1,1,0,2,0,1,0,0,1,0,1,0,1,-0.341025,421,47
0,0,0,1,0,1,3,1,0,1,0,0,3,0,0,0,0,1,1,1,-0.868442,422,47
0,1,0,0,0,1,1,2,1,1,1,0,1,1,0,1,0,0,1,1,-0.343715,423,47
0,0,1,0,0,0,1,2,1,2,1,1,0,0,1,1,0,0,1,1,-0.473319,424,48
0,1,0,0,0,0,1,2,1,2,3,0,0,0,0,1,0,1,0,1,-0.324410,425,48
0,0,0,0,1,0,2,2,0,2,1,1,0,0,1,0,0,1,2,0,-1.422034,426,48
0,0,0,1,0,0,2,2,0,2,1,2,0,0,0,0,1,0,1,1,-1.132278,427,48
0,1,0,0,0,0,1,2,1,2,1,1,1,0,0,0,0,1,1,1,-0.327537,428,48
0,0,0,0,1,0,1,2,1,2,1,2,0,0,0,0,1,0,1,1,-1.419629,429,48
0,0,1,0,0,0,2,2,0,2,2,0,1,0,0,2,0,0,0,1,-0.435765,431,48
0,0,0,0,1,0,1,2,1,2,2,1,0,0,0,1,1,0,1,0,-1.412462,432,48
0,0,0,0,1,2,0,2,1,1,0,0,0,0,3,0,0,0,1,2,-1.539946,433,49
1,0,0,0,0,0,1,1,2,2,0,1,1,0,1,0,1,1,1,0,-0.284858,434,49
0,0,1,0,0,2,1,1,1,1,1,0,1,0,1,0,1,0,0,2,-0.555642,435,49
0,0,0,1,0,2,1,1,1,1,1,1,0,0,1,0,0,0,2,1,-1.186349,436,49
0,0,0,1,0,2,0,2,1,1,1,1,1,0,0,0,2,0,0,1,-1.209554,437,49
1,0,0,0,0,0,1,1,2,2,1,0,1,0,1,0,0,0,0,3,-0.285585,439,49
0,0,0,0,1,2,1,1,1,1,0,0,1,1,1,0,1,1,0,1,-1.441651,440,49
0,1,0,0,0,2,0,2,1,1,1,0,1,1,0,0,0,1,1,1,-0.406090,441,49
0,0,0,1,0,2,1,2,1,0,0,1,0,1,1,2,0,1,0,0,-1.257789,442,50
0,0,1,0,0,1,1,1,3,0,1,1,0,1,0,0,1,2,0,0,-0.463877,443,50
0,0,0,1,0,1,2,1,2,0,1,2,0,0,0,1,1,0,1,0,-1.157590,444,50
0,0,0,1,0,2,1,2,1,0,0,2,0,1,0,0,2,0,0,1,-1.162707,446,50
0,1,0,0,0,1,1,1,3,0,0,1,0,1,1,1,2,0,0,0,-0.451761,447,50
1,0,0,0,0,1,1,1,3,0,0,2,0,1,0,1,0,0,1,1,-0.245903,448,50
1,0,0,0,0,1,2,1,2,0,0,0,0,3,0,1,1,1,0,0,-0.202990,449,50
0,1,0,0,0,2,1,2,1,0,1,1,0,1,0,0,1,1,1,0,-0.384235,450,50
1,0,0,0,0,2,0,2,1,1,1,1,1,0,0,1,0,0,2,0,-0.283771,451,51
0,0,0,1,0,3,0,2,1,0,0,1,0,0,2,0,0,1,1,1,-1.290694,453,51
0,0,0,1,0,2,0,2,1,1,1,0,0,0,2,0,0,2,0,1,-1.320510,455,51
1,0,0,0,0,1,0,2,2,1,1,0,0,1,1,0,1,0,1,1,-0.294997,456,51
1,0,0,0,0,1,0,2,2,1,0,1,0,0,2,0,0,1,1,1,-0.277369,457,51
0,0,0,0,1,3,0,2,1,0,0,0,1,1,1,0,0,0,1,2,-1.418222,458,51
0,0,1,0,0,2,0,2,1,1,0,0,0,1,2,0,1,0,0,2,-0.562088,459,51
1,0,0,0,0,1,1,1,0,3,2,0,0,0,1,1,1,0,1,0,-0.202480,460,52
0,1,0,0,0,3,0,1,0,2,1,2,0,0,0,1,0,1,1,0,-0.330448,461,52
0,0,0,0,1,4,1,0,0,1,0,1,1,0,1,0,1,1,1,0,-1.312396,462,52
0,0,1,0,0,4,1,0,0,1,2,1,0,0,0,1,1,0,1,0,-0.530172,463,52
1,0,0,0,0,1,1,1,0,3,0,1,2,0,0,0,1,2,0,0,-0.161112,464,52
1,0,0,0,0,3,0,1,0,2,2,0,1,0,0,0,0,1,2,0,-0.207610,465,52
0,0,0,0,1,3,0,1,0,2,1,0,1,0,1,0,3,0,0,0,-1.325994,466,52
0,0,0,0,1,4,1,0,0,1,2,0,1,0,0,0,1,1,1,0,-1.280343,467,52
1,0,0,0,0,1,1,1,0,3,2,1,0,0,0,0,1,0,2,0,-0.198516,468,52
0,0,0,1,0,2,0,3,0,1,1,0,1,0,1,0,1,0,0,2,-1.132336,469,53
0,0,1,0,0,1,1,1,1,2,1,0,0,2,0,2,0,0,0,1,-0.589680,470,53
0,0,0,0,1,1,1,2,1,1,0,0,1,1,1,2,0,0,0,1,-1.343961,471,53
1,0,0,0,0,1,1,2,1,1,0,1,1,1,0,0,0,0,2,1,-0.267745,472,53
0,0,0,0,1,2,0,3,0,1,0,0,1,1,1,2,0,0,1,0,-1.502832,473,53
0,0,1,0,0,1,1,1,1,2,0,0,2,1,0,1,0,0,1,1,-0.512853,474,53
1,0,0,0,0,1,1,1,1,2,0,1,0,0,2,1,1,0,1,0,-0.288016,475,53
0,0,1,0,0,1,1,2,1,1,1,0,0,1,1,2,1,0,0,0,-0.605615,476,53
0,1,0,0,0,2,0,3,0,1,0,1,0,2,0,2,0,0,1,0,-0.392834,477,53
0,0,0,1,0,3,1,2,0,0,0,2,0,1,0,1,0,1,1,0,-1.213313,478,54
0,0,1,0,0,2,0,2,1,1,0,1,0,1,1,1,0,1,1,0,-0.686041,479,54
0,0,1,0,0,1,1,2,1,1,0,0,0,3,0,2,0,1,0,0,-0.589350,480,54
1,0,0,0,0,1,1,2,1,1,0,1,0,1,1,1,0,0,2,0,-0.306381,481,54
0,0,0,0,1,3,1,2,0,0,0,0,1,1,1,1,1,0,1,0,-1.481355,482,54
0,1,0,0,0,2,0,2,1,1,0,1,0,1,1,2,1,0,0,0,-0.427117,483,54
1,0,0,0,0,2,0,2,1,1,0,0,1,2,0,0,0,2,1,0,-0.270097,484,54
1,0,0,0,0,1,1,2,1,1,0,1,1,0,1,0,1,2,0,0,-0.281903,485,54
0,0,1,0,0,3,1,2,0,0,0,0,0,2,1,1,0,2,0,0,-0.509296,486,54
0,0,0,0,1,0,1,1,3,1,1,0,2,0,0,1,0,2,0,0,-1.341836,487,55
0,0,0,1,0,0,0,1,2,3,0,0,2,0,1,1,1,0,0,1,-1.118965,488,55
0,0,0,1,0,0,1,2,1,2,1,0,0,0,2,1,1,1,0,0,-1.220153,489,55
0,0,0,0,1,0,1,2,1,2,0,0,2,1,0,1,0,1,0,1,-1.327705,490,55
0,0,1,0,0,0,1,1,3,1,0,1,1,0,1,0,2,0,0,1,-0.543425,491,55
0,1,0,0,0,0,0,1,2,3,1,0,1,0,1,0,1,2,0,0,-0.417924,492,55
0,0,1,0,0,0,0,1,2,3,1,1,0,1,0,1,0,1,0,1,-0.542449,493,55
0,0,0,1,0,0,1,2,1,2,1,1,1,0,0,0,1,1,0,1,-1.184344,494,55
0,0,0,0,1,0,1,1,3,1,1,0,0,1,1,1,0,1,0,1,-1.425054,495,55
0,0,1,0,0,1,2,2,0,1,1,0,1,0,1,2,1,0,0,0,-0.491880,496,56
1,0,0,0,0,0,1,2,0,3,1,1,1,0,0,0,1,0,1,1,-0.245671,497,56
0,0,0,0,1,1,1,2,0,2,0,0,1,1,1,1,0,1,1,0,-1.393002,498,56
0,0,1,0,0,1,1,2,0,2,0,2,1,0,0,0,2,0,1,0,-0.508477,499,56
0,0,0,0,1,1,2,2,0,1,0,1,0,2,0,0,0,0,2,1,-1.407046,500,56
0,1,0,0,0,0,1,2,0,3,0,1,1,1,0,1,1,0,0,1,-0.373256,501,56
0,0,1,0,0,0,1,2,0,3,0,1,0,1,1,1,0,1,1,0,-0.304770,502,56
0,1,0,0,0,1,1,2,0,2,1,1,0,1,0,1,0,0,0,2,-0.400992,503,56
0,0,0,0,1,1,2,2,0,1,0,2,1,0,0,0,1,1,0,1,-1.351100,504,56